2026-02-10 21:44:46,869 [INFO] Activator:176 - 


2026-02-10 21:44:46,874 [INFO] Activator:177 - !SESSION log4j initialized
2026-02-10 21:44:52,763 [INFO] LogOutputStream:77 - [STDOUT_REDIRECT] 
2026-02-10 21:44:54,114 [INFO] ApplicationProperties:184 - Using Application install path: C:\ST\STM32CubeIDE_1.19.0\STM32CubeIDE\plugins\com.st.stm32cube.common.mx_6.15.0.202507011659
2026-02-10 21:44:54,130 [INFO] DbMcusXml:78 - Set database path to: C:\ST\STM32CubeIDE_1.19.0\STM32CubeIDE\plugins\com.st.stm32cube.common.mx_6.15.0.202507011659\\db\/mcu/
2026-02-10 21:44:54,131 [INFO] ApiDb:274 - Set plugin database path to: C:\ST\STM32CubeIDE_1.19.0\STM32CubeIDE\plugins\com.st.stm32cube.common.mx_6.15.0.202507011659\\db\/plugins/boardmanager/
2026-02-10 21:44:54,131 [WARN] ApiDb:259 - Overriding images path with different value:  => C:\ST\STM32CubeIDE_1.19.0\STM32CubeIDE\plugins\com.st.stm32cube.common.mx_6.15.0.202507011659\\db\/plugins/mcufinder/images/
2026-02-10 21:44:54,142 [INFO] ApiDb:250 - Set database path to: C:\Users\user\.stmcufinder\plugins\mcufinder//mcu/
2026-02-10 21:44:54,144 [INFO] DbMcusAds:125 - Set database path to: C:\Users\user\.stmcufinder\plugins\mcufinder//mcu/
2026-02-10 21:44:54,145 [INFO] CrossReferenceDbSqlite:203 - Set database path to: C:\Users\user\.stmcufinder\plugins\mcufinder//mcu/cs/
2026-02-10 21:44:54,258 [INFO] RulesReader:64 - Compatibility file has been processed (317 Rules)
2026-02-10 21:44:54,336 [INFO] DbMcusXml:78 - Set database path to: C:\ST\STM32CubeIDE_1.19.0\STM32CubeIDE\plugins\com.st.stm32cube.common.mx_6.15.0.202507011659\\db\/mcu/
2026-02-10 21:44:54,336 [INFO] ApiDb:274 - Set plugin database path to: C:\ST\STM32CubeIDE_1.19.0\STM32CubeIDE\plugins\com.st.stm32cube.common.mx_6.15.0.202507011659\\db\/plugins/boardmanager/
2026-02-10 21:44:54,337 [INFO] ApiDb:261 - Set plugin images path to: C:\ST\STM32CubeIDE_1.19.0\STM32CubeIDE\plugins\com.st.stm32cube.common.mx_6.15.0.202507011659\\db\/plugins/mcufinder/images/
2026-02-10 21:44:54,337 [WARN] DbFile:41 - Overriding database path with different value: C:\Users\user\.stmcufinder\plugins\mcufinder/ => C:\Users\user\.stmcufinder\plugins\mcufinder
2026-02-10 21:44:54,337 [INFO] ApiDb:250 - Set database path to: C:\Users\user\.stmcufinder\plugins\mcufinder//mcu/
2026-02-10 21:44:54,337 [WARN] DbFile:41 - Overriding database path with different value: C:\Users\user\.stmcufinder\plugins\mcufinder/ => C:\Users\user\.stmcufinder\plugins\mcufinder
2026-02-10 21:44:54,337 [INFO] DbMcusAds:125 - Set database path to: C:\Users\user\.stmcufinder\plugins\mcufinder//mcu/
2026-02-10 21:44:54,337 [WARN] DbFile:41 - Overriding database path with different value: C:\Users\user\.stmcufinder\plugins\mcufinder/ => C:\Users\user\.stmcufinder\plugins\mcufinder
2026-02-10 21:44:54,337 [WARN] DbFile:41 - Overriding database path with different value: C:\Users\user\.stmcufinder\plugins\mcufinder/ => C:\Users\user\.stmcufinder\plugins\mcufinder
2026-02-10 21:44:54,337 [INFO] CrossReferenceDbSqlite:203 - Set database path to: C:\Users\user\.stmcufinder\plugins\mcufinder//mcu/cs/
2026-02-10 21:44:54,411 [INFO] MainPanel:274 - HeapMemory: 268435456
2026-02-10 21:44:54,524 [INFO] DbMcusXml:78 - Set database path to: C:\ST\STM32CubeIDE_1.19.0\STM32CubeIDE\plugins\com.st.stm32cube.common.mx_6.15.0.202507011659\\db\/mcu/
2026-02-10 21:44:54,524 [INFO] ApiDb:274 - Set plugin database path to: C:\ST\STM32CubeIDE_1.19.0\STM32CubeIDE\plugins\com.st.stm32cube.common.mx_6.15.0.202507011659\\db\/plugins/boardmanager/
2026-02-10 21:44:54,524 [INFO] ApiDb:261 - Set plugin images path to: C:\ST\STM32CubeIDE_1.19.0\STM32CubeIDE\plugins\com.st.stm32cube.common.mx_6.15.0.202507011659\\db\/plugins/mcufinder/images/
2026-02-10 21:44:54,525 [WARN] DbFile:41 - Overriding database path with different value: C:\Users\user\.stmcufinder\plugins\mcufinder/ => C:\Users\user\.stmcufinder\plugins\mcufinder
2026-02-10 21:44:54,525 [INFO] ApiDb:250 - Set database path to: C:\Users\user\.stmcufinder\plugins\mcufinder//mcu/
2026-02-10 21:44:54,525 [WARN] DbFile:41 - Overriding database path with different value: C:\Users\user\.stmcufinder\plugins\mcufinder/ => C:\Users\user\.stmcufinder\plugins\mcufinder
2026-02-10 21:44:54,525 [INFO] DbMcusAds:125 - Set database path to: C:\Users\user\.stmcufinder\plugins\mcufinder//mcu/
2026-02-10 21:44:54,525 [WARN] DbFile:41 - Overriding database path with different value: C:\Users\user\.stmcufinder\plugins\mcufinder/ => C:\Users\user\.stmcufinder\plugins\mcufinder
2026-02-10 21:44:54,525 [WARN] DbFile:41 - Overriding database path with different value: C:\Users\user\.stmcufinder\plugins\mcufinder/ => C:\Users\user\.stmcufinder\plugins\mcufinder
2026-02-10 21:44:54,525 [INFO] CrossReferenceDbSqlite:203 - Set database path to: C:\Users\user\.stmcufinder\plugins\mcufinder//mcu/cs/
2026-02-10 21:44:54,542 [INFO] ApplicationProperties:184 - Using Application install path: C:\ST\STM32CubeIDE_1.19.0\STM32CubeIDE\plugins\com.st.stm32cube.common.mx_6.15.0.202507011659
2026-02-10 21:44:54,543 [INFO] PluginManage:196 - Search for loadable plugins [exclusion list=, ]
2026-02-10 21:44:54,545 [INFO] PluginManage:310 - Check plugin analytics
2026-02-10 21:44:54,719 [INFO] AnalyticsPlugin:253 - Accepted Software Licenses: 
2026-02-10 21:44:54,719 [INFO] AnalyticsPlugin:255 - Accepted CMSIS Pack Licenses: 
2026-02-10 21:44:54,719 [INFO] AnalyticsPlugin:257 - Accepted Firmware Licenses: 
2026-02-10 21:44:54,721 [INFO] PluginManage:359 - Loaded plugin analytics (category:tool,tabindex:-1)
2026-02-10 21:44:54,721 [INFO] PluginManage:310 - Check plugin cadmodel
2026-02-10 21:44:54,741 [INFO] CADModel:105 - Init CAD model plugin
2026-02-10 21:44:54,741 [INFO] PluginManage:359 - Loaded plugin cadmodel (category:power,tabindex:5)
2026-02-10 21:44:54,741 [INFO] PluginManage:310 - Check plugin clock
2026-02-10 21:44:54,773 [INFO] PluginManage:359 - Loaded plugin clock (category:base,tabindex:2)
2026-02-10 21:44:54,773 [INFO] PluginManage:310 - Check plugin ddr
2026-02-10 21:44:54,777 [INFO] PluginManage:359 - Loaded plugin ddr (category:tool,tabindex:6)
2026-02-10 21:44:54,777 [INFO] PluginManage:310 - Check plugin filemanager
2026-02-10 21:44:54,907 [INFO] PluginManage:359 - Loaded plugin filemanager (category:base,tabindex:10)
2026-02-10 21:44:54,907 [INFO] PluginManage:310 - Check plugin ipmanager
2026-02-10 21:44:54,913 [INFO] PluginManage:359 - Loaded plugin ipmanager (category:base,tabindex:5)
2026-02-10 21:44:54,913 [INFO] PluginManage:310 - Check plugin lpbam
2026-02-10 21:44:54,933 [INFO] PluginManage:359 - Loaded plugin lpbam (category:base,tabindex:0)
2026-02-10 21:44:54,933 [INFO] PluginManage:310 - Check plugin memorymap
2026-02-10 21:44:54,957 [INFO] PluginManage:359 - Loaded plugin memorymap (category:base,tabindex:4)
2026-02-10 21:44:54,957 [INFO] PluginManage:310 - Check plugin pinoutandconfiguration
2026-02-10 21:44:54,978 [INFO] PluginManage:359 - Loaded plugin pinoutandconfiguration (category:base,tabindex:1)
2026-02-10 21:44:54,978 [INFO] PluginManage:310 - Check plugin pinoutconfig
2026-02-10 21:44:55,064 [WARN] SupportedApi:132 - Cannot load RTOS API schema: s4s-elt-must-match.1: The content of 'definitions' must match (annotation?, (simpleType | complexType)?, (unique | key | keyref)*)). A problem was found starting at: attribute.
2026-02-10 21:44:55,181 [INFO] PluginManage:359 - Loaded plugin pinoutconfig (category:base,tabindex:0)
2026-02-10 21:44:55,181 [INFO] PluginManage:310 - Check plugin power
2026-02-10 21:44:55,208 [INFO] PluginManage:359 - Loaded plugin power (category:power,tabindex:4)
2026-02-10 21:44:55,208 [INFO] PluginManage:310 - Check plugin projectmanager
2026-02-10 21:44:55,223 [INFO] PluginManage:359 - Loaded plugin projectmanager (category:projectmanager,tabindex:4)
2026-02-10 21:44:55,224 [INFO] PluginManage:310 - Check plugin rif
2026-02-10 21:44:55,249 [INFO] PluginManage:359 - Loaded plugin rif (category:base,tabindex:3)
2026-02-10 21:44:55,249 [INFO] PluginManage:310 - Check plugin thirdparty
2026-02-10 21:44:55,564 [INFO] PluginManage:359 - Loaded plugin thirdparty (category:base,tabindex:-1)
2026-02-10 21:44:55,564 [INFO] PluginManage:310 - Check plugin tools
2026-02-10 21:44:55,564 [WARN] IntegrityCheckThread:84 - waiting for thirdparty lock release [integrity check]
2026-02-10 21:44:55,564 [INFO] IntegrityCheckThread:86 - entering critical section [integrity check]
2026-02-10 21:44:55,564 [INFO] ThirdPartyUpdaterWithRetryManager:70 - Updater plugin not ready yet. [1/15]
2026-02-10 21:44:55,604 [INFO] PluginManage:359 - Loaded plugin tools (category:base,tabindex:7)
2026-02-10 21:44:55,604 [INFO] PluginManage:310 - Check plugin tutovideos
2026-02-10 21:44:55,791 [INFO] PluginManage:359 - Loaded plugin tutovideos (category:base,tabindex:-1)
2026-02-10 21:44:55,791 [INFO] PluginManage:310 - Check plugin updater
2026-02-10 21:44:55,811 [INFO] PluginManage:359 - Loaded plugin updater (category:base,tabindex:12)
2026-02-10 21:44:55,812 [INFO] PluginManage:310 - Check plugin userauth
2026-02-10 21:44:55,815 [INFO] UserAuth:118 - Init User Auth plugin
2026-02-10 21:44:55,816 [INFO] PluginManage:359 - Loaded plugin userauth (category:base,tabindex:14)
2026-02-10 21:44:55,816 [INFO] PluginManage:283 - PluginManage : Loaded plugins [18]
2026-02-10 21:44:56,003 [INFO] PinOutPanel:1589 - setPackage(No Configuration,No Configuration)
2026-02-10 21:44:56,082 [INFO] CADModel:165 - CPN selected for project level
2026-02-10 21:44:56,082 [INFO] CADModel:114 - Register for checkConnection events
2026-02-10 21:44:56,114 [INFO] IPUIPlugin:80 - create IPUIPlugin
2026-02-10 21:44:56,115 [INFO] PluginManager:220 - loadIPPluginJar : add adc
2026-02-10 21:44:56,162 [INFO] IPUIPlugin:80 - create IPUIPlugin
2026-02-10 21:44:56,162 [INFO] PluginManager:220 - loadIPPluginJar : add aes
2026-02-10 21:44:56,214 [INFO] IPUIPlugin:80 - create IPUIPlugin
2026-02-10 21:44:56,214 [INFO] PluginManager:220 - loadIPPluginJar : add can
2026-02-10 21:44:56,246 [INFO] IPUIPlugin:80 - create IPUIPlugin
2026-02-10 21:44:56,246 [INFO] PluginManager:220 - loadIPPluginJar : add comp
2026-02-10 21:44:56,282 [INFO] IPUIPlugin:80 - create IPUIPlugin
2026-02-10 21:44:56,283 [INFO] PluginManager:220 - loadIPPluginJar : add cryp
2026-02-10 21:44:56,299 [INFO] IPUIPlugin:80 - create IPUIPlugin
2026-02-10 21:44:56,299 [INFO] PluginManager:220 - loadIPPluginJar : add ddr_ctrl_phy
2026-02-10 21:44:56,331 [INFO] IPUIPlugin:80 - create IPUIPlugin
2026-02-10 21:44:56,331 [INFO] PluginManager:220 - loadIPPluginJar : add dfsdm
2026-02-10 21:44:56,348 [INFO] IPUIPlugin:80 - create IPUIPlugin
2026-02-10 21:44:56,348 [INFO] PluginManager:220 - loadIPPluginJar : add dma
2026-02-10 21:44:56,389 [INFO] IPUIPlugin:80 - create IPUIPlugin
2026-02-10 21:44:56,389 [INFO] PluginManager:220 - loadIPPluginJar : add dma3
2026-02-10 21:44:56,435 [INFO] IPUIPlugin:80 - create IPUIPlugin
2026-02-10 21:44:56,435 [INFO] PluginManager:220 - loadIPPluginJar : add extmemmanager
2026-02-10 21:44:56,460 [INFO] IPUIPlugin:80 - create IPUIPlugin
2026-02-10 21:44:56,460 [INFO] PluginManager:220 - loadIPPluginJar : add fatfs
2026-02-10 21:44:56,510 [INFO] IPUIPlugin:80 - create IPUIPlugin
2026-02-10 21:44:56,510 [INFO] PluginManager:220 - loadIPPluginJar : add fmc
2026-02-10 21:44:56,528 [INFO] IPUIPlugin:80 - create IPUIPlugin
2026-02-10 21:44:56,528 [INFO] PluginManager:220 - loadIPPluginJar : add freertos
2026-02-10 21:44:56,553 [INFO] IPUIPlugin:80 - create IPUIPlugin
2026-02-10 21:44:56,553 [INFO] PluginManager:220 - loadIPPluginJar : add genericplugin
2026-02-10 21:44:56,651 [INFO] IPUIPlugin:80 - create IPUIPlugin
2026-02-10 21:44:56,651 [INFO] PluginManager:220 - loadIPPluginJar : add gfxmmu
2026-02-10 21:44:56,777 [INFO] IPUIPlugin:80 - create IPUIPlugin
2026-02-10 21:44:56,778 [INFO] PluginManager:220 - loadIPPluginJar : add gic
2026-02-10 21:44:56,792 [INFO] IPUIPlugin:80 - create IPUIPlugin
2026-02-10 21:44:56,792 [INFO] PluginManager:220 - loadIPPluginJar : add gpio
2026-02-10 21:44:56,885 [INFO] IPUIPlugin:80 - create IPUIPlugin
2026-02-10 21:44:56,885 [INFO] PluginManager:220 - loadIPPluginJar : add gtzc
2026-02-10 21:44:56,921 [INFO] IPUIPlugin:80 - create IPUIPlugin
2026-02-10 21:44:56,921 [INFO] PluginManager:220 - loadIPPluginJar : add hash
2026-02-10 21:44:56,975 [INFO] IPUIPlugin:80 - create IPUIPlugin
2026-02-10 21:44:56,975 [INFO] PluginManager:220 - loadIPPluginJar : add i2c
2026-02-10 21:44:57,017 [INFO] IPUIPlugin:80 - create IPUIPlugin
2026-02-10 21:44:57,017 [INFO] PluginManager:220 - loadIPPluginJar : add i2s
2026-02-10 21:44:57,060 [INFO] IPUIPlugin:80 - create IPUIPlugin
2026-02-10 21:44:57,060 [INFO] PluginManager:220 - loadIPPluginJar : add i3c
2026-02-10 21:44:57,164 [INFO] IPUIPlugin:80 - create IPUIPlugin
2026-02-10 21:44:57,164 [INFO] PluginManager:220 - loadIPPluginJar : add ipddr
2026-02-10 21:44:57,257 [INFO] IPUIPlugin:80 - create IPUIPlugin
2026-02-10 21:44:57,257 [INFO] PluginManager:220 - loadIPPluginJar : add linkedlist
2026-02-10 21:44:57,298 [INFO] IPUIPlugin:80 - create IPUIPlugin
2026-02-10 21:44:57,298 [INFO] PluginManager:220 - loadIPPluginJar : add lorawan
2026-02-10 21:44:57,338 [INFO] IPUIPlugin:80 - create IPUIPlugin
2026-02-10 21:44:57,338 [INFO] PluginManager:220 - loadIPPluginJar : add ltdc
2026-02-10 21:44:57,354 [INFO] IPUIPlugin:80 - create IPUIPlugin
2026-02-10 21:44:57,354 [INFO] PluginManager:220 - loadIPPluginJar : add mdma
2026-02-10 21:44:57,368 [INFO] IPUIPlugin:80 - create IPUIPlugin
2026-02-10 21:44:57,368 [INFO] PluginManager:220 - loadIPPluginJar : add nvic
2026-02-10 21:44:57,412 [INFO] IPUIPlugin:80 - create IPUIPlugin
2026-02-10 21:44:57,412 [INFO] PluginManager:220 - loadIPPluginJar : add opamp
2026-02-10 21:44:57,477 [INFO] IPUIPlugin:80 - create IPUIPlugin
2026-02-10 21:44:57,478 [INFO] PluginManager:220 - loadIPPluginJar : add openamp
2026-02-10 21:44:57,523 [INFO] IPUIPlugin:80 - create IPUIPlugin
2026-02-10 21:44:57,523 [INFO] PluginManager:220 - loadIPPluginJar : add pdm2pcm
2026-02-10 21:44:57,540 [INFO] IPUIPlugin:80 - create IPUIPlugin
2026-02-10 21:44:57,542 [INFO] PluginManager:220 - loadIPPluginJar : add plateformsettings
2026-02-10 21:44:57,574 [INFO] IPUIPlugin:80 - create IPUIPlugin
2026-02-10 21:44:57,574 [INFO] PluginManager:220 - loadIPPluginJar : add quadspi
2026-02-10 21:44:57,606 [INFO] IPUIPlugin:80 - create IPUIPlugin
2026-02-10 21:44:57,606 [INFO] PluginManager:220 - loadIPPluginJar : add radio
2026-02-10 21:44:57,623 [INFO] IPUIPlugin:80 - create IPUIPlugin
2026-02-10 21:44:57,623 [INFO] PluginManager:220 - loadIPPluginJar : add resmgrutility
2026-02-10 21:44:57,672 [INFO] IPUIPlugin:80 - create IPUIPlugin
2026-02-10 21:44:57,672 [INFO] PluginManager:220 - loadIPPluginJar : add sai
2026-02-10 21:44:57,713 [INFO] IPUIPlugin:80 - create IPUIPlugin
2026-02-10 21:44:57,713 [INFO] PluginManager:220 - loadIPPluginJar : add spi
2026-02-10 21:44:57,792 [INFO] IPUIPlugin:80 - create IPUIPlugin
2026-02-10 21:44:57,792 [INFO] PluginManager:220 - loadIPPluginJar : add stm32_wpan
2026-02-10 21:44:57,821 [INFO] IPUIPlugin:80 - create IPUIPlugin
2026-02-10 21:44:57,821 [INFO] PluginManager:220 - loadIPPluginJar : add tim
2026-02-10 21:44:57,884 [INFO] IPUIPlugin:80 - create IPUIPlugin
2026-02-10 21:44:57,885 [INFO] PluginManager:220 - loadIPPluginJar : add touchsensing
2026-02-10 21:44:57,914 [INFO] IPUIPlugin:80 - create IPUIPlugin
2026-02-10 21:44:57,914 [INFO] PluginManager:220 - loadIPPluginJar : add tracer_emb
2026-02-10 21:44:57,943 [INFO] IPUIPlugin:80 - create IPUIPlugin
2026-02-10 21:44:57,943 [INFO] PluginManager:220 - loadIPPluginJar : add ts
2026-02-10 21:44:57,976 [INFO] IPUIPlugin:80 - create IPUIPlugin
2026-02-10 21:44:57,976 [INFO] PluginManager:220 - loadIPPluginJar : add tsc
2026-02-10 21:44:58,003 [INFO] IPUIPlugin:80 - create IPUIPlugin
2026-02-10 21:44:58,004 [INFO] PluginManager:220 - loadIPPluginJar : add ucpd
2026-02-10 21:44:58,051 [INFO] IPUIPlugin:80 - create IPUIPlugin
2026-02-10 21:44:58,051 [INFO] PluginManager:220 - loadIPPluginJar : add usart
2026-02-10 21:44:58,103 [INFO] IPUIPlugin:80 - create IPUIPlugin
2026-02-10 21:44:58,103 [INFO] PluginManager:220 - loadIPPluginJar : add usbx
2026-02-10 21:44:58,225 [FATAL] Updater:351 - Updater called before beeing initialized
2026-02-10 21:44:58,249 [INFO] RulesReader:64 - Compatibility file has been processed (317 Rules)
2026-02-10 21:44:58,258 [INFO] RulesReader:64 - Compatibility file has been processed (317 Rules)
2026-02-10 21:44:58,265 [INFO] CADModel:165 - CPN selected for project level
2026-02-10 21:44:58,265 [INFO] CADModel:114 - Register for checkConnection events
2026-02-10 21:44:58,265 [FATAL] Updater:351 - Updater called before beeing initialized
2026-02-10 21:44:58,265 [ERROR] CADModel:125 - Updater not yet initialized, retry later 
2026-02-10 21:44:58,411 [FATAL] Updater:351 - Updater called before beeing initialized
2026-02-10 21:44:58,414 [INFO] CADModel:165 - CPN selected for project level
2026-02-10 21:44:58,414 [INFO] CADModel:114 - Register for checkConnection events
2026-02-10 21:44:58,414 [FATAL] Updater:351 - Updater called before beeing initialized
2026-02-10 21:44:58,414 [ERROR] CADModel:125 - Updater not yet initialized, retry later 
2026-02-10 21:44:58,417 [FATAL] Updater:351 - Updater called before beeing initialized
2026-02-10 21:44:58,517 [FATAL] Updater:351 - Updater called before beeing initialized
2026-02-10 21:44:58,530 [INFO] DbMcusAds:53 - JSON generation date=Thu Jan 08 21:27:51 IST 2026 (1767887871456)
2026-02-10 21:44:58,530 [FATAL] Updater:351 - Updater called before beeing initialized
2026-02-10 21:44:58,564 [WARN] DetailPanel:346 - Failed to get advertising image, set to default
2026-02-10 21:44:58,566 [INFO] ThirdPartyUpdaterWithRetryManager:70 - Updater plugin not ready yet. [2/15]
2026-02-10 21:44:58,633 [FATAL] Updater:351 - Updater called before beeing initialized
2026-02-10 21:44:58,635 [FATAL] Updater:351 - Updater called before beeing initialized
2026-02-10 21:44:58,635 [FATAL] Updater:351 - Updater called before beeing initialized
2026-02-10 21:44:58,635 [WARN] DetailPanel:346 - Failed to get advertising image, set to default
2026-02-10 21:44:58,636 [FATAL] Updater:351 - Updater called before beeing initialized
2026-02-10 21:44:58,695 [ERROR] Updater:1198 - MainUpdater not yet initialized. External WinMGr cannot be set.
2026-02-10 21:44:58,707 [INFO] Updater:1134 - Updater Version found : 6.15.0
2026-02-10 21:44:58,723 [INFO] ApplicationProperties:184 - Using Application install path: C:\ST\STM32CubeIDE_1.19.0\STM32CubeIDE\plugins\com.st.stm32cube.common.mx_6.15.0.202507011659
2026-02-10 21:44:59,013 [INFO] MainUpdater:2872 - connection check result : 10
2026-02-10 21:44:59,014 [INFO] MainUpdater:289 - Updater Check For Update Now.
2026-02-10 21:44:59,014 [INFO] MicroXplorer:498 - Change Database Version : DB.6.0.150
2026-02-10 21:44:59,034 [INFO] McuFinderGlobals:63 - Set McuFinder mode to 2 (CubeIDE integrated)
2026-02-10 21:44:59,034 [INFO] UserAuth:171 - activating auth plugin
2026-02-10 21:44:59,037 [INFO] UserAuth:487 - Internet connection configuration mode: 1
2026-02-10 21:44:59,079 [INFO] JxBrowserEngine:152 - Initiate JxBrowser Engine with user profile folder
2026-02-10 21:44:59,228 [INFO] CheckServerUpdateThread:120 - End of CheckServer Thread
2026-02-10 21:45:00,447 [INFO] WebApp:169 - Instantiating new browser for Auth
2026-02-10 21:45:01,182 [INFO] WebApp:463 - Apply proxy settings
2026-02-10 21:45:01,182 [INFO] WebApp:548 - Chromium requires no authentication
2026-02-10 21:45:01,193 [INFO] WebApp:491 - Direct internet connection detected
2026-02-10 21:45:01,220 [INFO] WebApp:900 - Register for checkConnection events
2026-02-10 21:45:01,221 [INFO] WebApp:463 - Apply proxy settings
2026-02-10 21:45:01,221 [INFO] WebApp:548 - Chromium requires no authentication
2026-02-10 21:45:01,221 [INFO] WebApp:491 - Direct internet connection detected
2026-02-10 21:45:01,427 [INFO] WebApp:191 - Connection restablished
2026-02-10 21:45:01,460 [INFO] WebApp:225 - Starting web application
2026-02-10 21:45:01,460 [INFO] WebApp:593 - Web application path used C:\ST\STM32CubeIDE_1.19.0\STM32CubeIDE\plugins\com.st.stm32cube.common.mx_6.15.0.202507011659\db\plugins\mcufinder\reactClient1\index.html
2026-02-10 21:45:01,901 [WARN] PackLoader:240 - Cannot read IP mode file for STMicroelectronics.FP-SNS-MOTENVWB1.1.4.0
2026-02-10 21:45:01,935 [WARN] PackLoader:240 - Cannot read IP mode file for STMicroelectronics.FP-ATR-ASTRA1.2.0.2
2026-02-10 21:45:01,964 [WARN] PackLoader:240 - Cannot read IP mode file for STMicroelectronics.X-CUBE-SMBUS.2.1.0
2026-02-10 21:45:02,018 [WARN] PackLoader:240 - Cannot read IP mode file for STMicroelectronics.X-CUBE-AZRTOS-F7.1.1.0
2026-02-10 21:45:02,050 [WARN] PackLoader:240 - Cannot read IP mode file for STMicroelectronics.X-CUBE-DISPLAY.3.0.0
2026-02-10 21:45:02,091 [WARN] PackLoader:240 - Cannot read IP mode file for STMicroelectronics.X-CUBE-NFC10.1.0.0
2026-02-10 21:45:02,124 [WARN] PackLoader:240 - Cannot read IP mode file for STMicroelectronics.FP-SNS-SMARTAG2.1.2.0
2026-02-10 21:45:02,149 [WARN] PackLoader:240 - Cannot read IP mode file for STMicroelectronics.FP-SNS-FLIGHT1.5.1.0
2026-02-10 21:45:02,180 [INFO] LogOutputStream:77 - [STDOUT_REDIRECT] 1 : Invalid condition id : UX_CORESTACK_Condition cause : null
2026-02-10 21:45:02,181 [INFO] LogOutputStream:77 - [STDOUT_REDIRECT] 1 : Invalid condition id : UX_CORESTACK_Condition cause : null
2026-02-10 21:45:02,183 [INFO] LogOutputStream:77 - [STDOUT_REDIRECT] 1 : Invalid condition id : UX_CORESTACK_Condition cause : null
2026-02-10 21:45:02,184 [INFO] LogOutputStream:77 - [STDOUT_REDIRECT] 1 : Invalid condition id : UX_CORESTACK_Condition cause : null
2026-02-10 21:45:02,185 [INFO] LogOutputStream:77 - [STDOUT_REDIRECT] 1 : Invalid condition id : UX_CORESTACK_Condition cause : null
2026-02-10 21:45:02,189 [WARN] PackLoader:240 - Cannot read IP mode file for STMicroelectronics.X-CUBE-AZRTOS-WL.2.0.0
2026-02-10 21:45:02,214 [WARN] PackLoader:240 - Cannot read IP mode file for STMicroelectronics.X-CUBE-BLE2.3.3.0
2026-02-10 21:45:02,276 [WARN] PackLoader:240 - Cannot read IP mode file for STMicroelectronics.X-CUBE-NFC9.1.0.0
2026-02-10 21:45:02,297 [WARN] PackLoader:240 - Cannot read IP mode file for STMicroelectronics.X-CUBE-BLE1.7.1.0
2026-02-10 21:45:02,318 [WARN] PackLoader:240 - Cannot read IP mode file for Cesanta.I-CUBE-Mongoose.7.20.0
2026-02-10 21:45:02,355 [WARN] PackLoader:240 - Cannot read IP mode file for STMicroelectronics.X-CUBE-AZRTOS-G0.1.1.0
2026-02-10 21:45:02,385 [WARN] PackLoader:240 - Cannot read IP mode file for STMicroelectronics.X-CUBE-NFC4.3.0.0
2026-02-10 21:45:02,415 [WARN] PackLoader:240 - Cannot read IP mode file for EmbeddedOffice.I-CUBE-FS-RTOS.1.0.1
2026-02-10 21:45:02,437 [WARN] PackLoader:240 - Cannot read IP mode file for STMicroelectronics.X-CUBE-WB05N.2.0.0
2026-02-10 21:45:02,456 [WARN] PackLoader:240 - Cannot read IP mode file for STMicroelectronics.X-CUBE-TCPP.4.2.0
2026-02-10 21:45:02,476 [WARN] PackLoader:240 - Cannot read IP mode file for RealThread.X-CUBE-RT-Thread_Nano.4.1.1
2026-02-10 21:45:02,497 [WARN] PackLoader:240 - Cannot read IP mode file for STMicroelectronics.FP-ATR-SIGFOX1.3.2.0
2026-02-10 21:45:02,519 [WARN] PackLoader:240 - Cannot read IP mode file for STMicroelectronics.X-CUBE-NFC6.3.2.0
2026-02-10 21:45:02,580 [WARN] PackLoader:240 - Cannot read IP mode file for SEGGER.I-CUBE-embOS.1.3.1
2026-02-10 21:45:02,642 [WARN] PackLoader:240 - Cannot read IP mode file for STMicroelectronics.X-CUBE-ALGOBUILD.1.4.0
2026-02-10 21:45:02,663 [WARN] PackLoader:240 - Cannot read IP mode file for STMicroelectronics.X-CUBE-PM33A1.1.0.0
2026-02-10 21:45:02,697 [WARN] PackLoader:240 - Cannot read IP mode file for STMicroelectronics.X-CUBE-AZRTOS-F4.1.1.0
2026-02-10 21:45:02,721 [WARN] PackLoader:240 - Cannot read IP mode file for STMicroelectronics.X-CUBE-ISPU.2.1.0
2026-02-10 21:45:02,760 [WARN] PackLoader:240 - Cannot read IP mode file for STMicroelectronics.X-CUBE-AZRTOS-L5.2.0.0
2026-02-10 21:45:02,784 [WARN] PackLoader:240 - Cannot read IP mode file for STMicroelectronics.X-CUBE-NFC6.3.1.0
2026-02-10 21:45:02,808 [WARN] PackLoader:240 - Cannot read IP mode file for STMicroelectronics.X-CUBE-DPower.1.3.0
2026-02-10 21:45:02,843 [WARN] ConditionMgr:438 - getConditionDescription Invalid condition id : LAN8742 Phy interface Condition cause : null
2026-02-10 21:45:02,844 [WARN] PackLoader:240 - Cannot read IP mode file for STMicroelectronics.X-CUBE-AZRTOS-L4.2.0.0
2026-02-10 21:45:02,845 [WARN] ConditionMgr:1044 - genDependencies : Invalid condition id : LAN8742 Phy interface Condition cause : null
2026-02-10 21:45:02,846 [WARN] ConditionMgr:1044 - genDependencies : Invalid condition id : LAN8742 Phy interface Condition cause : null
2026-02-10 21:45:02,846 [WARN] ConditionMgr:1044 - genDependencies : Invalid condition id : LAN8742 Phy interface Condition cause : null
2026-02-10 21:45:02,869 [WARN] PackLoader:240 - Cannot read IP mode file for STMicroelectronics.X-CUBE-SFXS2LP1.4.0.0
2026-02-10 21:45:02,901 [WARN] ConditionMgr:438 - getConditionDescription Invalid condition id : UX DEVICE CLASS RTOS Condition cause : null
2026-02-10 21:45:02,901 [WARN] ConditionMgr:438 - getConditionDescription Invalid condition id : UX DEVICE CLASS RTOS Condition cause : null
2026-02-10 21:45:02,903 [WARN] PackLoader:240 - Cannot read IP mode file for STMicroelectronics.X-CUBE-AZRTOS-WB.2.0.0
2026-02-10 21:45:02,903 [WARN] ConditionMgr:1044 - genDependencies : Invalid condition id : UX DEVICE CLASS RTOS Condition cause : null
2026-02-10 21:45:02,903 [WARN] ConditionMgr:1044 - genDependencies : Invalid condition id : UX DEVICE CLASS RTOS Condition cause : null
2026-02-10 21:45:02,904 [WARN] ConditionMgr:1044 - genDependencies : Invalid condition id : UX DEVICE CLASS RTOS Condition cause : null
2026-02-10 21:45:02,904 [WARN] ConditionMgr:1044 - genDependencies : Invalid condition id : UX DEVICE CLASS RTOS Condition cause : null
2026-02-10 21:45:02,904 [WARN] ConditionMgr:1044 - genDependencies : Invalid condition id : UX DEVICE CLASS RTOS Condition cause : null
2026-02-10 21:45:02,923 [WARN] ConditionMgr:438 - getConditionDescription Invalid condition id : Cortex-A Device cause : null
2026-02-10 21:45:02,948 [WARN] ConditionMgr:1044 - genDependencies : Invalid condition id : Cortex-A Device cause : null
2026-02-10 21:45:02,949 [WARN] ConditionMgr:1044 - genDependencies : Invalid condition id : Cortex-A Device cause : null
2026-02-10 21:45:02,949 [WARN] ConditionMgr:1044 - genDependencies : Invalid condition id : Cortex-A Device cause : null
2026-02-10 21:45:02,970 [WARN] PackLoader:240 - Cannot read IP mode file for STMicroelectronics.X-CUBE-STSE01.2.0.0
2026-02-10 21:45:02,998 [WARN] PackLoader:240 - Cannot read IP mode file for STMicroelectronics.X-CUBE-SUBG2.5.0.0
2026-02-10 21:45:03,035 [WARN] PackLoader:240 - Cannot read IP mode file for STMicroelectronics.X-CUBE-AZRTOS-G4.2.0.0
2026-02-10 21:45:03,055 [WARN] PackLoader:240 - Cannot read IP mode file for STMicroelectronics.X-CUBE-NFC7.2.0.0
2026-02-10 21:45:03,075 [WARN] PackLoader:240 - Cannot read IP mode file for STMicroelectronics.X-CUBE-ALS.1.0.2
2026-02-10 21:45:03,099 [WARN] PackLoader:240 - Cannot read IP mode file for STMicroelectronics.X-CUBE-STSE01.1.0.0
2026-02-10 21:45:03,129 [WARN] PackLoader:240 - Cannot read IP mode file for STMicroelectronics.X-CUBE-TOF1.3.4.3
2026-02-10 21:45:03,142 [INFO] ThirdParty:978 - Integrity check success = true
2026-02-10 21:45:03,143 [INFO] IntegrityCheckThread:100 - exiting critical section [integrity check]
2026-02-10 21:45:03,143 [INFO] IntegrityCheckThread:103 - End integrity checks thread
2026-02-10 22:55:38,413 [ERROR] LogOutputStream:75 - [STDERR_REDIRECT] 
2026-07-23 20:55:16,357 [INFO] Activator:176 - 


2026-07-23 20:55:16,364 [INFO] Activator:177 - !SESSION log4j initialized
2026-07-23 20:55:36,488 [ERROR] LogOutputStream:74 - [STDERR_REDIRECT] [Fatal Error] :1:1: Premature end of file.
2026-07-23 20:55:36,493 [ERROR] LogOutputStream:74 - [STDERR_REDIRECT] 
2026-07-23 20:55:37,443 [ERROR] LogOutputStream:74 - [STDERR_REDIRECT] [Fatal Error] :1:1: Premature end of file.
2026-07-23 20:55:37,444 [ERROR] LogOutputStream:74 - [STDERR_REDIRECT] 
2026-07-23 20:55:38,439 [ERROR] LogOutputStream:74 - [STDERR_REDIRECT] [Fatal Error] :1:1: Premature end of file.
2026-07-23 20:55:38,439 [ERROR] LogOutputStream:74 - [STDERR_REDIRECT] 
2026-07-23 20:55:39,448 [ERROR] LogOutputStream:74 - [STDERR_REDIRECT] [Fatal Error] :1:1: Premature end of file.
2026-07-23 20:55:39,448 [ERROR] LogOutputStream:74 - [STDERR_REDIRECT] 
2026-07-23 20:55:40,440 [ERROR] LogOutputStream:74 - [STDERR_REDIRECT] [Fatal Error] :1:1: Premature end of file.
2026-07-23 20:55:40,440 [ERROR] LogOutputStream:74 - [STDERR_REDIRECT] 
2026-07-23 20:55:41,427 [ERROR] LogOutputStream:74 - [STDERR_REDIRECT] [Fatal Error] :1:1: Premature end of file.
2026-07-23 20:55:41,427 [ERROR] LogOutputStream:74 - [STDERR_REDIRECT] 
2026-07-23 20:55:42,429 [ERROR] LogOutputStream:74 - [STDERR_REDIRECT] [Fatal Error] :1:1: Premature end of file.
2026-07-23 20:55:42,430 [ERROR] LogOutputStream:74 - [STDERR_REDIRECT] 
2026-07-23 20:55:43,436 [ERROR] LogOutputStream:74 - [STDERR_REDIRECT] [Fatal Error] :1:1: Premature end of file.
2026-07-23 20:55:43,436 [ERROR] LogOutputStream:74 - [STDERR_REDIRECT] 
2026-07-23 20:55:44,445 [ERROR] LogOutputStream:74 - [STDERR_REDIRECT] [Fatal Error] :1:1: Premature end of file.
2026-07-23 20:55:44,445 [ERROR] LogOutputStream:74 - [STDERR_REDIRECT] 
2026-07-23 20:55:45,436 [ERROR] LogOutputStream:74 - [STDERR_REDIRECT] [Fatal Error] :1:1: Premature end of file.
2026-07-23 20:55:45,436 [ERROR] LogOutputStream:74 - [STDERR_REDIRECT] 
2026-07-23 20:55:46,456 [ERROR] LogOutputStream:74 - [STDERR_REDIRECT] [Fatal Error] :1:1: Premature end of file.
2026-07-23 20:55:46,456 [ERROR] LogOutputStream:74 - [STDERR_REDIRECT] 
2026-07-23 20:55:47,433 [ERROR] LogOutputStream:74 - [STDERR_REDIRECT] [Fatal Error] :1:1: Premature end of file.
2026-07-23 20:55:47,433 [ERROR] LogOutputStream:74 - [STDERR_REDIRECT] 
2026-07-23 20:55:48,430 [ERROR] LogOutputStream:74 - [STDERR_REDIRECT] [Fatal Error] :1:1: Premature end of file.
2026-07-23 20:55:48,431 [ERROR] LogOutputStream:74 - [STDERR_REDIRECT] 
2026-07-23 20:55:49,434 [ERROR] LogOutputStream:74 - [STDERR_REDIRECT] [Fatal Error] :1:1: Premature end of file.
2026-07-23 20:55:49,434 [ERROR] LogOutputStream:74 - [STDERR_REDIRECT] 
2026-07-23 20:55:50,445 [ERROR] LogOutputStream:74 - [STDERR_REDIRECT] [Fatal Error] :1:1: Premature end of file.
2026-07-23 20:55:50,445 [ERROR] LogOutputStream:74 - [STDERR_REDIRECT] 
2026-07-23 20:55:51,439 [ERROR] LogOutputStream:74 - [STDERR_REDIRECT] [Fatal Error] :1:1: Premature end of file.
2026-07-23 20:55:51,439 [ERROR] LogOutputStream:74 - [STDERR_REDIRECT] 
2026-07-23 20:55:52,431 [ERROR] LogOutputStream:74 - [STDERR_REDIRECT] [Fatal Error] :1:1: Premature end of file.
2026-07-23 20:55:52,432 [ERROR] LogOutputStream:74 - [STDERR_REDIRECT] 
2026-07-23 20:55:53,442 [ERROR] LogOutputStream:74 - [STDERR_REDIRECT] [Fatal Error] :1:1: Premature end of file.
2026-07-23 20:55:53,443 [ERROR] LogOutputStream:74 - [STDERR_REDIRECT] 
2026-07-23 20:55:54,437 [ERROR] LogOutputStream:74 - [STDERR_REDIRECT] [Fatal Error] :1:1: Premature end of file.
2026-07-23 20:55:54,437 [ERROR] LogOutputStream:74 - [STDERR_REDIRECT] 
2026-07-23 20:55:55,463 [ERROR] LogOutputStream:74 - [STDERR_REDIRECT] [Fatal Error] :1:1: Premature end of file.
2026-07-23 20:55:55,464 [ERROR] LogOutputStream:74 - [STDERR_REDIRECT] 
2026-07-23 20:55:56,437 [ERROR] LogOutputStream:74 - [STDERR_REDIRECT] [Fatal Error] :1:1: Premature end of file.
2026-07-23 20:55:56,437 [ERROR] LogOutputStream:74 - [STDERR_REDIRECT] 
2026-07-23 20:55:57,445 [ERROR] LogOutputStream:74 - [STDERR_REDIRECT] [Fatal Error] :1:1: Premature end of file.
2026-07-23 20:55:57,446 [ERROR] LogOutputStream:74 - [STDERR_REDIRECT] 
2026-07-23 20:55:58,467 [ERROR] LogOutputStream:74 - [STDERR_REDIRECT] [Fatal Error] :1:1: Premature end of file.
2026-07-23 20:55:58,467 [ERROR] LogOutputStream:74 - [STDERR_REDIRECT] 
2026-07-23 20:55:59,454 [ERROR] LogOutputStream:74 - [STDERR_REDIRECT] [Fatal Error] :1:1: Premature end of file.
2026-07-23 20:55:59,454 [ERROR] LogOutputStream:74 - [STDERR_REDIRECT] 
2026-07-23 20:56:00,442 [ERROR] LogOutputStream:74 - [STDERR_REDIRECT] [Fatal Error] :1:1: Premature end of file.
2026-07-23 20:56:00,442 [ERROR] LogOutputStream:74 - [STDERR_REDIRECT] 
2026-07-23 20:56:01,429 [ERROR] LogOutputStream:74 - [STDERR_REDIRECT] [Fatal Error] :1:1: Premature end of file.
2026-07-23 20:56:01,429 [ERROR] LogOutputStream:74 - [STDERR_REDIRECT] 
2026-07-23 20:56:02,439 [ERROR] LogOutputStream:74 - [STDERR_REDIRECT] [Fatal Error] :1:1: Premature end of file.
2026-07-23 20:56:02,440 [ERROR] LogOutputStream:74 - [STDERR_REDIRECT] 
2026-07-23 20:56:03,444 [ERROR] LogOutputStream:74 - [STDERR_REDIRECT] [Fatal Error] :1:1: Premature end of file.
2026-07-23 20:56:03,444 [ERROR] LogOutputStream:74 - [STDERR_REDIRECT] 
2026-07-23 20:56:04,435 [ERROR] LogOutputStream:74 - [STDERR_REDIRECT] [Fatal Error] :1:1: Premature end of file.
2026-07-23 20:56:04,435 [ERROR] LogOutputStream:74 - [STDERR_REDIRECT] 
2026-07-23 20:56:05,442 [ERROR] LogOutputStream:74 - [STDERR_REDIRECT] [Fatal Error] :1:1: Premature end of file.
2026-07-23 20:56:05,442 [ERROR] LogOutputStream:74 - [STDERR_REDIRECT] 
2026-07-23 20:56:06,436 [ERROR] LogOutputStream:74 - [STDERR_REDIRECT] [Fatal Error] :1:1: Premature end of file.
2026-07-23 20:56:06,436 [ERROR] LogOutputStream:74 - [STDERR_REDIRECT] 
2026-07-23 20:56:07,430 [ERROR] LogOutputStream:74 - [STDERR_REDIRECT] [Fatal Error] :1:1: Premature end of file.
2026-07-23 20:56:07,430 [ERROR] LogOutputStream:74 - [STDERR_REDIRECT] 
2026-07-23 20:56:08,450 [ERROR] LogOutputStream:74 - [STDERR_REDIRECT] [Fatal Error] :1:1: Premature end of file.
2026-07-23 20:56:08,450 [ERROR] LogOutputStream:74 - [STDERR_REDIRECT] 
2026-07-23 20:56:09,435 [ERROR] LogOutputStream:74 - [STDERR_REDIRECT] [Fatal Error] :1:1: Premature end of file.
2026-07-23 20:56:09,435 [ERROR] LogOutputStream:74 - [STDERR_REDIRECT] 
2026-07-23 20:56:10,430 [ERROR] LogOutputStream:74 - [STDERR_REDIRECT] [Fatal Error] :1:1: Premature end of file.
2026-07-23 20:56:10,430 [ERROR] LogOutputStream:74 - [STDERR_REDIRECT] 
2026-07-23 20:56:11,443 [ERROR] LogOutputStream:74 - [STDERR_REDIRECT] [Fatal Error] :1:1: Premature end of file.
2026-07-23 20:56:11,443 [ERROR] LogOutputStream:74 - [STDERR_REDIRECT] 
2026-07-23 20:56:12,445 [ERROR] LogOutputStream:74 - [STDERR_REDIRECT] [Fatal Error] :1:1: Premature end of file.
2026-07-23 20:56:12,446 [ERROR] LogOutputStream:74 - [STDERR_REDIRECT] 
2026-07-23 20:56:13,443 [ERROR] LogOutputStream:74 - [STDERR_REDIRECT] [Fatal Error] :1:1: Premature end of file.
2026-07-23 20:56:13,443 [ERROR] LogOutputStream:74 - [STDERR_REDIRECT] 
2026-07-23 20:56:14,434 [ERROR] LogOutputStream:74 - [STDERR_REDIRECT] [Fatal Error] :1:1: Premature end of file.
2026-07-23 20:56:14,434 [ERROR] LogOutputStream:74 - [STDERR_REDIRECT] 
2026-07-23 20:56:15,427 [ERROR] LogOutputStream:74 - [STDERR_REDIRECT] [Fatal Error] :1:1: Premature end of file.
2026-07-23 20:56:15,427 [ERROR] LogOutputStream:74 - [STDERR_REDIRECT] 
2026-07-23 20:56:16,428 [ERROR] LogOutputStream:74 - [STDERR_REDIRECT] [Fatal Error] :1:1: Premature end of file.
2026-07-23 20:56:16,428 [ERROR] LogOutputStream:74 - [STDERR_REDIRECT] 
2026-07-23 20:56:17,430 [ERROR] LogOutputStream:74 - [STDERR_REDIRECT] [Fatal Error] :1:1: Premature end of file.
2026-07-23 20:56:17,430 [ERROR] LogOutputStream:74 - [STDERR_REDIRECT] 
2026-07-23 20:56:18,433 [ERROR] LogOutputStream:74 - [STDERR_REDIRECT] [Fatal Error] :1:1: Premature end of file.
2026-07-23 20:56:18,434 [ERROR] LogOutputStream:74 - [STDERR_REDIRECT] 
2026-07-23 20:56:19,444 [ERROR] LogOutputStream:74 - [STDERR_REDIRECT] [Fatal Error] :1:1: Premature end of file.
2026-07-23 20:56:19,444 [ERROR] LogOutputStream:74 - [STDERR_REDIRECT] 
2026-07-23 20:56:20,436 [ERROR] LogOutputStream:74 - [STDERR_REDIRECT] [Fatal Error] :1:1: Premature end of file.
2026-07-23 20:56:20,437 [ERROR] LogOutputStream:74 - [STDERR_REDIRECT] 
2026-07-23 20:56:21,443 [ERROR] LogOutputStream:74 - [STDERR_REDIRECT] [Fatal Error] :1:1: Premature end of file.
2026-07-23 20:56:21,443 [ERROR] LogOutputStream:74 - [STDERR_REDIRECT] 
2026-07-23 20:56:22,429 [ERROR] LogOutputStream:74 - [STDERR_REDIRECT] [Fatal Error] :1:1: Premature end of file.
2026-07-23 20:56:22,430 [ERROR] LogOutputStream:74 - [STDERR_REDIRECT] 
2026-07-23 20:56:23,435 [ERROR] LogOutputStream:74 - [STDERR_REDIRECT] [Fatal Error] :1:1: Premature end of file.
2026-07-23 20:56:23,435 [ERROR] LogOutputStream:74 - [STDERR_REDIRECT] 
2026-07-23 20:56:24,440 [ERROR] LogOutputStream:74 - [STDERR_REDIRECT] [Fatal Error] :1:1: Premature end of file.
2026-07-23 20:56:24,440 [ERROR] LogOutputStream:74 - [STDERR_REDIRECT] 
2026-07-23 20:56:25,476 [ERROR] LogOutputStream:74 - [STDERR_REDIRECT] [Fatal Error] :1:1: Premature end of file.
2026-07-23 20:56:25,476 [ERROR] LogOutputStream:74 - [STDERR_REDIRECT] 
2026-07-23 20:56:26,489 [ERROR] LogOutputStream:74 - [STDERR_REDIRECT] [Fatal Error] :1:1: Premature end of file.
2026-07-23 20:56:26,489 [ERROR] LogOutputStream:74 - [STDERR_REDIRECT] 
2026-07-23 20:56:27,438 [ERROR] LogOutputStream:74 - [STDERR_REDIRECT] [Fatal Error] :1:1: Premature end of file.
2026-07-23 20:56:27,439 [ERROR] LogOutputStream:74 - [STDERR_REDIRECT] 
2026-07-23 20:56:28,431 [ERROR] LogOutputStream:74 - [STDERR_REDIRECT] [Fatal Error] :1:1: Premature end of file.
2026-07-23 20:56:28,431 [ERROR] LogOutputStream:74 - [STDERR_REDIRECT] 
2026-07-23 20:56:29,438 [ERROR] LogOutputStream:74 - [STDERR_REDIRECT] [Fatal Error] :1:1: Premature end of file.
2026-07-23 20:56:29,438 [ERROR] LogOutputStream:74 - [STDERR_REDIRECT] 
2026-07-23 20:56:30,436 [ERROR] LogOutputStream:74 - [STDERR_REDIRECT] [Fatal Error] :1:1: Premature end of file.
2026-07-23 20:56:30,436 [ERROR] LogOutputStream:74 - [STDERR_REDIRECT] 
2026-07-23 20:56:31,432 [ERROR] LogOutputStream:74 - [STDERR_REDIRECT] [Fatal Error] :1:1: Premature end of file.
2026-07-23 20:56:31,432 [ERROR] LogOutputStream:74 - [STDERR_REDIRECT] 
2026-07-23 20:56:32,438 [ERROR] LogOutputStream:74 - [STDERR_REDIRECT] [Fatal Error] :1:1: Premature end of file.
2026-07-23 20:56:32,438 [ERROR] LogOutputStream:74 - [STDERR_REDIRECT] 
2026-07-23 20:56:33,441 [ERROR] LogOutputStream:74 - [STDERR_REDIRECT] [Fatal Error] :1:1: Premature end of file.
2026-07-23 20:56:33,441 [ERROR] LogOutputStream:74 - [STDERR_REDIRECT] 
2026-07-23 20:56:34,431 [ERROR] LogOutputStream:74 - [STDERR_REDIRECT] [Fatal Error] :1:1: Premature end of file.
2026-07-23 20:56:34,431 [ERROR] LogOutputStream:74 - [STDERR_REDIRECT] 
2026-07-23 20:56:35,449 [ERROR] LogOutputStream:74 - [STDERR_REDIRECT] [Fatal Error] :1:1: Premature end of file.
2026-07-23 20:56:35,449 [ERROR] LogOutputStream:74 - [STDERR_REDIRECT] 
2026-07-23 20:56:36,434 [ERROR] LogOutputStream:74 - [STDERR_REDIRECT] [Fatal Error] :1:1: Premature end of file.
2026-07-23 20:56:36,434 [ERROR] LogOutputStream:74 - [STDERR_REDIRECT] 
2026-07-23 20:56:37,431 [ERROR] LogOutputStream:74 - [STDERR_REDIRECT] [Fatal Error] :1:1: Premature end of file.
2026-07-23 20:56:37,431 [ERROR] LogOutputStream:74 - [STDERR_REDIRECT] 
2026-07-23 20:56:38,438 [ERROR] LogOutputStream:74 - [STDERR_REDIRECT] [Fatal Error] :1:1: Premature end of file.
2026-07-23 20:56:38,438 [ERROR] LogOutputStream:74 - [STDERR_REDIRECT] 
2026-07-23 20:56:39,435 [ERROR] LogOutputStream:74 - [STDERR_REDIRECT] [Fatal Error] :1:1: Premature end of file.
2026-07-23 20:56:39,435 [ERROR] LogOutputStream:74 - [STDERR_REDIRECT] 
2026-07-23 20:56:40,437 [ERROR] LogOutputStream:74 - [STDERR_REDIRECT] [Fatal Error] :1:1: Premature end of file.
2026-07-23 20:56:40,437 [ERROR] LogOutputStream:74 - [STDERR_REDIRECT] 
2026-07-23 20:56:41,440 [ERROR] LogOutputStream:74 - [STDERR_REDIRECT] [Fatal Error] :1:1: Premature end of file.
2026-07-23 20:56:41,440 [ERROR] LogOutputStream:74 - [STDERR_REDIRECT] 
2026-07-23 20:56:42,432 [ERROR] LogOutputStream:74 - [STDERR_REDIRECT] [Fatal Error] :1:1: Premature end of file.
2026-07-23 20:56:42,432 [ERROR] LogOutputStream:74 - [STDERR_REDIRECT] 
2026-07-23 20:56:43,430 [ERROR] LogOutputStream:74 - [STDERR_REDIRECT] [Fatal Error] :1:1: Premature end of file.
2026-07-23 20:56:43,431 [ERROR] LogOutputStream:74 - [STDERR_REDIRECT] 
2026-07-23 20:56:44,441 [ERROR] LogOutputStream:74 - [STDERR_REDIRECT] [Fatal Error] :1:1: Premature end of file.
2026-07-23 20:56:44,441 [ERROR] LogOutputStream:74 - [STDERR_REDIRECT] 
2026-07-23 20:56:45,439 [ERROR] LogOutputStream:74 - [STDERR_REDIRECT] [Fatal Error] :1:1: Premature end of file.
2026-07-23 20:56:45,439 [ERROR] LogOutputStream:74 - [STDERR_REDIRECT] 
2026-07-23 20:56:46,435 [ERROR] LogOutputStream:74 - [STDERR_REDIRECT] [Fatal Error] :1:1: Premature end of file.
2026-07-23 20:56:46,435 [ERROR] LogOutputStream:74 - [STDERR_REDIRECT] 
2026-07-23 20:56:47,437 [ERROR] LogOutputStream:74 - [STDERR_REDIRECT] [Fatal Error] :1:1: Premature end of file.
2026-07-23 20:56:47,437 [ERROR] LogOutputStream:74 - [STDERR_REDIRECT] 
2026-07-23 20:56:48,448 [ERROR] LogOutputStream:74 - [STDERR_REDIRECT] [Fatal Error] :1:1: Premature end of file.
2026-07-23 20:56:48,490 [ERROR] LogOutputStream:74 - [STDERR_REDIRECT] 
2026-07-23 20:56:49,439 [ERROR] LogOutputStream:74 - [STDERR_REDIRECT] [Fatal Error] :1:1: Premature end of file.
2026-07-23 20:56:49,439 [ERROR] LogOutputStream:74 - [STDERR_REDIRECT] 
2026-07-23 20:56:50,432 [ERROR] LogOutputStream:74 - [STDERR_REDIRECT] [Fatal Error] :1:1: Premature end of file.
2026-07-23 20:56:50,432 [ERROR] LogOutputStream:74 - [STDERR_REDIRECT] 
2026-07-23 20:56:51,432 [ERROR] LogOutputStream:74 - [STDERR_REDIRECT] [Fatal Error] :1:1: Premature end of file.
2026-07-23 20:56:51,433 [ERROR] LogOutputStream:74 - [STDERR_REDIRECT] 
2026-07-23 20:56:52,454 [ERROR] LogOutputStream:74 - [STDERR_REDIRECT] [Fatal Error] :1:1: Premature end of file.
2026-07-23 20:56:52,454 [ERROR] LogOutputStream:74 - [STDERR_REDIRECT] 
2026-07-23 20:56:53,455 [ERROR] LogOutputStream:74 - [STDERR_REDIRECT] [Fatal Error] :1:1: Premature end of file.
2026-07-23 20:56:53,455 [ERROR] LogOutputStream:74 - [STDERR_REDIRECT] 
2026-07-23 20:56:54,475 [ERROR] LogOutputStream:74 - [STDERR_REDIRECT] [Fatal Error] :1:1: Premature end of file.
2026-07-23 20:56:54,475 [ERROR] LogOutputStream:74 - [STDERR_REDIRECT] 
2026-07-23 20:56:55,437 [ERROR] LogOutputStream:74 - [STDERR_REDIRECT] [Fatal Error] :1:1: Premature end of file.
2026-07-23 20:56:55,438 [ERROR] LogOutputStream:74 - [STDERR_REDIRECT] 
2026-07-23 20:56:56,441 [ERROR] LogOutputStream:74 - [STDERR_REDIRECT] [Fatal Error] :1:1: Premature end of file.
2026-07-23 20:56:56,441 [ERROR] LogOutputStream:74 - [STDERR_REDIRECT] 
2026-07-23 20:56:57,452 [ERROR] LogOutputStream:74 - [STDERR_REDIRECT] [Fatal Error] :1:1: Premature end of file.
2026-07-23 20:56:57,452 [ERROR] LogOutputStream:74 - [STDERR_REDIRECT] 
2026-07-23 20:56:58,435 [ERROR] LogOutputStream:74 - [STDERR_REDIRECT] [Fatal Error] :1:1: Premature end of file.
2026-07-23 20:56:58,435 [ERROR] LogOutputStream:74 - [STDERR_REDIRECT] 
2026-07-23 20:56:59,428 [ERROR] LogOutputStream:74 - [STDERR_REDIRECT] [Fatal Error] :1:1: Premature end of file.
2026-07-23 20:56:59,428 [ERROR] LogOutputStream:74 - [STDERR_REDIRECT] 
2026-07-23 20:57:00,442 [ERROR] LogOutputStream:74 - [STDERR_REDIRECT] [Fatal Error] :1:1: Premature end of file.
2026-07-23 20:57:00,442 [ERROR] LogOutputStream:74 - [STDERR_REDIRECT] 
2026-07-23 20:57:01,439 [ERROR] LogOutputStream:74 - [STDERR_REDIRECT] [Fatal Error] :1:1: Premature end of file.
2026-07-23 20:57:01,440 [ERROR] LogOutputStream:74 - [STDERR_REDIRECT] 
2026-07-23 20:57:02,435 [ERROR] LogOutputStream:74 - [STDERR_REDIRECT] [Fatal Error] :1:1: Premature end of file.
2026-07-23 20:57:02,435 [ERROR] LogOutputStream:74 - [STDERR_REDIRECT] 
2026-07-23 20:57:03,436 [ERROR] LogOutputStream:74 - [STDERR_REDIRECT] [Fatal Error] :1:1: Premature end of file.
2026-07-23 20:57:03,436 [ERROR] LogOutputStream:74 - [STDERR_REDIRECT] 
2026-07-23 20:57:04,435 [ERROR] LogOutputStream:74 - [STDERR_REDIRECT] [Fatal Error] :1:1: Premature end of file.
2026-07-23 20:57:04,435 [ERROR] LogOutputStream:74 - [STDERR_REDIRECT] 
2026-07-23 20:57:05,436 [ERROR] LogOutputStream:74 - [STDERR_REDIRECT] [Fatal Error] :1:1: Premature end of file.
2026-07-23 20:57:05,436 [ERROR] LogOutputStream:74 - [STDERR_REDIRECT] 
2026-07-23 20:57:06,429 [ERROR] LogOutputStream:74 - [STDERR_REDIRECT] [Fatal Error] :1:1: Premature end of file.
2026-07-23 20:57:06,429 [ERROR] LogOutputStream:74 - [STDERR_REDIRECT] 
2026-07-23 20:57:07,440 [ERROR] LogOutputStream:74 - [STDERR_REDIRECT] [Fatal Error] :1:1: Premature end of file.
2026-07-23 20:57:07,441 [ERROR] LogOutputStream:74 - [STDERR_REDIRECT] 
2026-07-23 20:57:08,443 [ERROR] LogOutputStream:74 - [STDERR_REDIRECT] [Fatal Error] :1:1: Premature end of file.
2026-07-23 20:57:08,443 [ERROR] LogOutputStream:74 - [STDERR_REDIRECT] 
2026-07-23 20:57:09,438 [ERROR] LogOutputStream:74 - [STDERR_REDIRECT] [Fatal Error] :1:1: Premature end of file.
2026-07-23 20:57:09,438 [ERROR] LogOutputStream:74 - [STDERR_REDIRECT] 
2026-07-23 20:57:10,437 [ERROR] LogOutputStream:74 - [STDERR_REDIRECT] [Fatal Error] :1:1: Premature end of file.
2026-07-23 20:57:10,437 [ERROR] LogOutputStream:74 - [STDERR_REDIRECT] 
2026-07-23 20:57:11,439 [ERROR] LogOutputStream:74 - [STDERR_REDIRECT] [Fatal Error] :1:1: Premature end of file.
2026-07-23 20:57:11,440 [ERROR] LogOutputStream:74 - [STDERR_REDIRECT] 
2026-07-23 20:57:12,435 [ERROR] LogOutputStream:74 - [STDERR_REDIRECT] [Fatal Error] :1:1: Premature end of file.
2026-07-23 20:57:12,435 [ERROR] LogOutputStream:74 - [STDERR_REDIRECT] 
2026-07-23 20:57:13,434 [ERROR] LogOutputStream:74 - [STDERR_REDIRECT] [Fatal Error] :1:1: Premature end of file.
2026-07-23 20:57:13,434 [ERROR] LogOutputStream:74 - [STDERR_REDIRECT] 
2026-07-23 20:57:14,432 [ERROR] LogOutputStream:74 - [STDERR_REDIRECT] [Fatal Error] :1:1: Premature end of file.
2026-07-23 20:57:14,432 [ERROR] LogOutputStream:74 - [STDERR_REDIRECT] 
2026-07-23 20:57:15,429 [ERROR] LogOutputStream:74 - [STDERR_REDIRECT] [Fatal Error] :1:1: Premature end of file.
2026-07-23 20:57:15,430 [ERROR] LogOutputStream:74 - [STDERR_REDIRECT] 
2026-07-23 20:57:16,425 [ERROR] LogOutputStream:74 - [STDERR_REDIRECT] [Fatal Error] :1:1: Premature end of file.
2026-07-23 20:57:16,425 [ERROR] LogOutputStream:74 - [STDERR_REDIRECT] 
2026-07-23 20:57:17,439 [ERROR] LogOutputStream:74 - [STDERR_REDIRECT] [Fatal Error] :1:1: Premature end of file.
2026-07-23 20:57:17,439 [ERROR] LogOutputStream:74 - [STDERR_REDIRECT] 
2026-07-23 20:57:18,441 [ERROR] LogOutputStream:74 - [STDERR_REDIRECT] [Fatal Error] :1:1: Premature end of file.
2026-07-23 20:57:18,441 [ERROR] LogOutputStream:74 - [STDERR_REDIRECT] 
2026-07-23 20:57:19,454 [ERROR] LogOutputStream:74 - [STDERR_REDIRECT] [Fatal Error] :1:1: Premature end of file.
2026-07-23 20:57:19,454 [ERROR] LogOutputStream:74 - [STDERR_REDIRECT] 
2026-07-23 20:57:20,427 [ERROR] LogOutputStream:74 - [STDERR_REDIRECT] [Fatal Error] :1:1: Premature end of file.
2026-07-23 20:57:20,427 [ERROR] LogOutputStream:74 - [STDERR_REDIRECT] 
2026-07-23 20:57:21,432 [ERROR] LogOutputStream:74 - [STDERR_REDIRECT] [Fatal Error] :1:1: Premature end of file.
2026-07-23 20:57:21,432 [ERROR] LogOutputStream:74 - [STDERR_REDIRECT] 
2026-07-23 20:57:22,434 [ERROR] LogOutputStream:74 - [STDERR_REDIRECT] [Fatal Error] :1:1: Premature end of file.
2026-07-23 20:57:22,434 [ERROR] LogOutputStream:74 - [STDERR_REDIRECT] 
2026-07-23 20:57:23,427 [ERROR] LogOutputStream:74 - [STDERR_REDIRECT] [Fatal Error] :1:1: Premature end of file.
2026-07-23 20:57:23,427 [ERROR] LogOutputStream:74 - [STDERR_REDIRECT] 
2026-07-23 20:57:24,426 [ERROR] LogOutputStream:74 - [STDERR_REDIRECT] [Fatal Error] :1:1: Premature end of file.
2026-07-23 20:57:24,426 [ERROR] LogOutputStream:74 - [STDERR_REDIRECT] 
2026-07-23 20:57:25,437 [ERROR] LogOutputStream:74 - [STDERR_REDIRECT] [Fatal Error] :1:1: Premature end of file.
2026-07-23 20:57:25,437 [ERROR] LogOutputStream:74 - [STDERR_REDIRECT] 
2026-07-23 20:57:26,440 [ERROR] LogOutputStream:74 - [STDERR_REDIRECT] [Fatal Error] :1:1: Premature end of file.
2026-07-23 20:57:26,441 [ERROR] LogOutputStream:74 - [STDERR_REDIRECT] 
2026-07-23 20:57:27,440 [ERROR] LogOutputStream:74 - [STDERR_REDIRECT] [Fatal Error] :1:1: Premature end of file.
2026-07-23 20:57:27,440 [ERROR] LogOutputStream:74 - [STDERR_REDIRECT] 
2026-07-23 20:57:28,441 [ERROR] LogOutputStream:74 - [STDERR_REDIRECT] [Fatal Error] :1:1: Premature end of file.
2026-07-23 20:57:28,441 [ERROR] LogOutputStream:74 - [STDERR_REDIRECT] 
2026-07-23 20:57:29,434 [ERROR] LogOutputStream:74 - [STDERR_REDIRECT] [Fatal Error] :1:1: Premature end of file.
2026-07-23 20:57:29,434 [ERROR] LogOutputStream:74 - [STDERR_REDIRECT] 
2026-07-23 20:57:30,438 [ERROR] LogOutputStream:74 - [STDERR_REDIRECT] [Fatal Error] :1:1: Premature end of file.
2026-07-23 20:57:30,438 [ERROR] LogOutputStream:74 - [STDERR_REDIRECT] 
2026-07-23 20:57:31,429 [ERROR] LogOutputStream:74 - [STDERR_REDIRECT] [Fatal Error] :1:1: Premature end of file.
2026-07-23 20:57:31,430 [ERROR] LogOutputStream:74 - [STDERR_REDIRECT] 
2026-07-23 20:57:32,443 [ERROR] LogOutputStream:74 - [STDERR_REDIRECT] [Fatal Error] :1:1: Premature end of file.
2026-07-23 20:57:32,443 [ERROR] LogOutputStream:74 - [STDERR_REDIRECT] 
2026-07-23 20:57:33,443 [ERROR] LogOutputStream:74 - [STDERR_REDIRECT] [Fatal Error] :1:1: Premature end of file.
2026-07-23 20:57:33,444 [ERROR] LogOutputStream:74 - [STDERR_REDIRECT] 
2026-07-23 20:57:34,441 [ERROR] LogOutputStream:74 - [STDERR_REDIRECT] [Fatal Error] :1:1: Premature end of file.
2026-07-23 20:57:34,441 [ERROR] LogOutputStream:74 - [STDERR_REDIRECT] 
2026-07-23 20:57:35,445 [ERROR] LogOutputStream:74 - [STDERR_REDIRECT] [Fatal Error] :1:1: Premature end of file.
2026-07-23 20:57:35,445 [ERROR] LogOutputStream:74 - [STDERR_REDIRECT] 
2026-07-23 20:57:36,439 [ERROR] LogOutputStream:74 - [STDERR_REDIRECT] [Fatal Error] :1:1: Premature end of file.
2026-07-23 20:57:36,439 [ERROR] LogOutputStream:74 - [STDERR_REDIRECT] 
2026-07-23 20:57:37,429 [ERROR] LogOutputStream:74 - [STDERR_REDIRECT] [Fatal Error] :1:1: Premature end of file.
2026-07-23 20:57:37,430 [ERROR] LogOutputStream:74 - [STDERR_REDIRECT] 
2026-07-23 20:57:38,438 [ERROR] LogOutputStream:74 - [STDERR_REDIRECT] [Fatal Error] :1:1: Premature end of file.
2026-07-23 20:57:38,438 [ERROR] LogOutputStream:74 - [STDERR_REDIRECT] 
2026-07-23 20:57:39,445 [ERROR] LogOutputStream:74 - [STDERR_REDIRECT] [Fatal Error] :1:1: Premature end of file.
2026-07-23 20:57:39,445 [ERROR] LogOutputStream:74 - [STDERR_REDIRECT] 
2026-07-23 20:57:40,427 [ERROR] LogOutputStream:74 - [STDERR_REDIRECT] [Fatal Error] :1:1: Premature end of file.
2026-07-23 20:57:40,428 [ERROR] LogOutputStream:74 - [STDERR_REDIRECT] 
2026-07-23 20:57:41,434 [ERROR] LogOutputStream:74 - [STDERR_REDIRECT] [Fatal Error] :1:1: Premature end of file.
2026-07-23 20:57:41,434 [ERROR] LogOutputStream:74 - [STDERR_REDIRECT] 
2026-07-23 20:57:42,429 [ERROR] LogOutputStream:74 - [STDERR_REDIRECT] [Fatal Error] :1:1: Premature end of file.
2026-07-23 20:57:42,430 [ERROR] LogOutputStream:74 - [STDERR_REDIRECT] 
2026-07-23 20:57:43,441 [ERROR] LogOutputStream:74 - [STDERR_REDIRECT] [Fatal Error] :1:1: Premature end of file.
2026-07-23 20:57:43,441 [ERROR] LogOutputStream:74 - [STDERR_REDIRECT] 
2026-07-23 20:57:44,439 [ERROR] LogOutputStream:74 - [STDERR_REDIRECT] [Fatal Error] :1:1: Premature end of file.
2026-07-23 20:57:44,439 [ERROR] LogOutputStream:74 - [STDERR_REDIRECT] 
2026-07-23 20:57:45,438 [ERROR] LogOutputStream:74 - [STDERR_REDIRECT] [Fatal Error] :1:1: Premature end of file.
2026-07-23 20:57:45,439 [ERROR] LogOutputStream:74 - [STDERR_REDIRECT] 
2026-07-23 20:57:46,433 [ERROR] LogOutputStream:74 - [STDERR_REDIRECT] [Fatal Error] :1:1: Premature end of file.
2026-07-23 20:57:46,434 [ERROR] LogOutputStream:74 - [STDERR_REDIRECT] 
2026-07-23 20:57:47,436 [ERROR] LogOutputStream:74 - [STDERR_REDIRECT] [Fatal Error] :1:1: Premature end of file.
2026-07-23 20:57:47,436 [ERROR] LogOutputStream:74 - [STDERR_REDIRECT] 
2026-07-23 20:57:48,437 [ERROR] LogOutputStream:74 - [STDERR_REDIRECT] [Fatal Error] :1:1: Premature end of file.
2026-07-23 20:57:48,437 [ERROR] LogOutputStream:74 - [STDERR_REDIRECT] 
2026-07-23 20:57:49,436 [ERROR] LogOutputStream:74 - [STDERR_REDIRECT] [Fatal Error] :1:1: Premature end of file.
2026-07-23 20:57:49,436 [ERROR] LogOutputStream:74 - [STDERR_REDIRECT] 
2026-07-23 20:57:50,436 [ERROR] LogOutputStream:74 - [STDERR_REDIRECT] [Fatal Error] :1:1: Premature end of file.
2026-07-23 20:57:50,436 [ERROR] LogOutputStream:74 - [STDERR_REDIRECT] 
2026-07-23 20:57:51,435 [ERROR] LogOutputStream:74 - [STDERR_REDIRECT] [Fatal Error] :1:1: Premature end of file.
2026-07-23 20:57:51,435 [ERROR] LogOutputStream:74 - [STDERR_REDIRECT] 
2026-07-23 20:57:52,431 [ERROR] LogOutputStream:74 - [STDERR_REDIRECT] [Fatal Error] :1:1: Premature end of file.
2026-07-23 20:57:52,431 [ERROR] LogOutputStream:74 - [STDERR_REDIRECT] 
2026-07-23 20:57:53,435 [ERROR] LogOutputStream:74 - [STDERR_REDIRECT] [Fatal Error] :1:1: Premature end of file.
2026-07-23 20:57:53,435 [ERROR] LogOutputStream:74 - [STDERR_REDIRECT] 
2026-07-23 20:57:54,430 [ERROR] LogOutputStream:74 - [STDERR_REDIRECT] [Fatal Error] :1:1: Premature end of file.
2026-07-23 20:57:54,431 [ERROR] LogOutputStream:74 - [STDERR_REDIRECT] 
2026-07-23 20:57:55,430 [ERROR] LogOutputStream:74 - [STDERR_REDIRECT] [Fatal Error] :1:1: Premature end of file.
2026-07-23 20:57:55,430 [ERROR] LogOutputStream:74 - [STDERR_REDIRECT] 
2026-07-23 20:57:56,427 [ERROR] LogOutputStream:74 - [STDERR_REDIRECT] [Fatal Error] :1:1: Premature end of file.
2026-07-23 20:57:56,427 [ERROR] LogOutputStream:74 - [STDERR_REDIRECT] 
2026-07-23 20:57:57,440 [ERROR] LogOutputStream:74 - [STDERR_REDIRECT] [Fatal Error] :1:1: Premature end of file.
2026-07-23 20:57:57,441 [ERROR] LogOutputStream:74 - [STDERR_REDIRECT] 
2026-07-23 20:57:58,443 [ERROR] LogOutputStream:74 - [STDERR_REDIRECT] [Fatal Error] :1:1: Premature end of file.
2026-07-23 20:57:58,443 [ERROR] LogOutputStream:74 - [STDERR_REDIRECT] 
2026-07-23 20:57:59,441 [ERROR] LogOutputStream:74 - [STDERR_REDIRECT] [Fatal Error] :1:1: Premature end of file.
2026-07-23 20:57:59,441 [ERROR] LogOutputStream:74 - [STDERR_REDIRECT] 
2026-07-23 20:58:00,438 [ERROR] LogOutputStream:74 - [STDERR_REDIRECT] [Fatal Error] :1:1: Premature end of file.
2026-07-23 20:58:00,438 [ERROR] LogOutputStream:74 - [STDERR_REDIRECT] 
2026-07-23 20:58:01,433 [ERROR] LogOutputStream:74 - [STDERR_REDIRECT] [Fatal Error] :1:1: Premature end of file.
2026-07-23 20:58:01,433 [ERROR] LogOutputStream:74 - [STDERR_REDIRECT] 
2026-07-23 20:58:02,438 [ERROR] LogOutputStream:74 - [STDERR_REDIRECT] [Fatal Error] :1:1: Premature end of file.
2026-07-23 20:58:02,438 [ERROR] LogOutputStream:74 - [STDERR_REDIRECT] 
2026-07-23 20:58:03,434 [ERROR] LogOutputStream:74 - [STDERR_REDIRECT] [Fatal Error] :1:1: Premature end of file.
2026-07-23 20:58:03,439 [ERROR] LogOutputStream:74 - [STDERR_REDIRECT] 
2026-07-23 20:58:04,437 [ERROR] LogOutputStream:74 - [STDERR_REDIRECT] [Fatal Error] :1:1: Premature end of file.
2026-07-23 20:58:04,438 [ERROR] LogOutputStream:74 - [STDERR_REDIRECT] 
2026-07-23 20:58:05,439 [ERROR] LogOutputStream:74 - [STDERR_REDIRECT] [Fatal Error] :1:1: Premature end of file.
2026-07-23 20:58:05,439 [ERROR] LogOutputStream:74 - [STDERR_REDIRECT] 
2026-07-23 20:58:06,439 [ERROR] LogOutputStream:74 - [STDERR_REDIRECT] [Fatal Error] :1:1: Premature end of file.
2026-07-23 20:58:06,440 [ERROR] LogOutputStream:74 - [STDERR_REDIRECT] 
2026-07-23 20:58:07,434 [ERROR] LogOutputStream:74 - [STDERR_REDIRECT] [Fatal Error] :1:1: Premature end of file.
2026-07-23 20:58:07,434 [ERROR] LogOutputStream:74 - [STDERR_REDIRECT] 
2026-07-23 20:58:08,435 [ERROR] LogOutputStream:74 - [STDERR_REDIRECT] [Fatal Error] :1:1: Premature end of file.
2026-07-23 20:58:08,436 [ERROR] LogOutputStream:74 - [STDERR_REDIRECT] 
2026-07-23 20:58:09,441 [ERROR] LogOutputStream:74 - [STDERR_REDIRECT] [Fatal Error] :1:1: Premature end of file.
2026-07-23 20:58:09,442 [ERROR] LogOutputStream:74 - [STDERR_REDIRECT] 
2026-07-23 20:58:10,441 [ERROR] LogOutputStream:74 - [STDERR_REDIRECT] [Fatal Error] :1:1: Premature end of file.
2026-07-23 20:58:10,441 [ERROR] LogOutputStream:74 - [STDERR_REDIRECT] 
2026-07-23 20:58:11,429 [ERROR] LogOutputStream:74 - [STDERR_REDIRECT] [Fatal Error] :1:1: Premature end of file.
2026-07-23 20:58:11,429 [ERROR] LogOutputStream:74 - [STDERR_REDIRECT] 
2026-07-23 20:58:12,434 [ERROR] LogOutputStream:74 - [STDERR_REDIRECT] [Fatal Error] :1:1: Premature end of file.
2026-07-23 20:58:12,435 [ERROR] LogOutputStream:74 - [STDERR_REDIRECT] 
2026-07-23 20:58:13,439 [ERROR] LogOutputStream:74 - [STDERR_REDIRECT] [Fatal Error] :1:1: Premature end of file.
2026-07-23 20:58:13,439 [ERROR] LogOutputStream:74 - [STDERR_REDIRECT] 
2026-07-23 20:58:14,433 [ERROR] LogOutputStream:74 - [STDERR_REDIRECT] [Fatal Error] :1:1: Premature end of file.
2026-07-23 20:58:14,433 [ERROR] LogOutputStream:74 - [STDERR_REDIRECT] 
2026-07-23 20:58:15,438 [ERROR] LogOutputStream:74 - [STDERR_REDIRECT] [Fatal Error] :1:1: Premature end of file.
2026-07-23 20:58:15,438 [ERROR] LogOutputStream:74 - [STDERR_REDIRECT] 
2026-07-23 20:58:16,427 [ERROR] LogOutputStream:74 - [STDERR_REDIRECT] [Fatal Error] :1:1: Premature end of file.
2026-07-23 20:58:16,427 [ERROR] LogOutputStream:74 - [STDERR_REDIRECT] 
2026-07-23 20:58:17,443 [ERROR] LogOutputStream:74 - [STDERR_REDIRECT] [Fatal Error] :1:1: Premature end of file.
2026-07-23 20:58:17,443 [ERROR] LogOutputStream:74 - [STDERR_REDIRECT] 
2026-07-23 20:58:18,438 [ERROR] LogOutputStream:74 - [STDERR_REDIRECT] [Fatal Error] :1:1: Premature end of file.
2026-07-23 20:58:18,439 [ERROR] LogOutputStream:74 - [STDERR_REDIRECT] 
2026-07-23 20:58:19,431 [ERROR] LogOutputStream:74 - [STDERR_REDIRECT] [Fatal Error] :1:1: Premature end of file.
2026-07-23 20:58:19,431 [ERROR] LogOutputStream:74 - [STDERR_REDIRECT] 
2026-07-23 20:58:20,433 [ERROR] LogOutputStream:74 - [STDERR_REDIRECT] [Fatal Error] :1:1: Premature end of file.
2026-07-23 20:58:20,433 [ERROR] LogOutputStream:74 - [STDERR_REDIRECT] 
2026-07-23 20:58:21,440 [ERROR] LogOutputStream:74 - [STDERR_REDIRECT] [Fatal Error] :1:1: Premature end of file.
2026-07-23 20:58:21,440 [ERROR] LogOutputStream:74 - [STDERR_REDIRECT] 
2026-07-23 20:58:22,436 [ERROR] LogOutputStream:74 - [STDERR_REDIRECT] [Fatal Error] :1:1: Premature end of file.
2026-07-23 20:58:22,436 [ERROR] LogOutputStream:74 - [STDERR_REDIRECT] 
2026-07-23 20:58:23,430 [ERROR] LogOutputStream:74 - [STDERR_REDIRECT] [Fatal Error] :1:1: Premature end of file.
2026-07-23 20:58:23,430 [ERROR] LogOutputStream:74 - [STDERR_REDIRECT] 
2026-07-23 20:58:24,442 [ERROR] LogOutputStream:74 - [STDERR_REDIRECT] [Fatal Error] :1:1: Premature end of file.
2026-07-23 20:58:24,443 [ERROR] LogOutputStream:74 - [STDERR_REDIRECT] 
2026-07-23 20:58:25,439 [ERROR] LogOutputStream:74 - [STDERR_REDIRECT] [Fatal Error] :1:1: Premature end of file.
2026-07-23 20:58:25,439 [ERROR] LogOutputStream:74 - [STDERR_REDIRECT] 
2026-07-23 20:58:26,438 [ERROR] LogOutputStream:74 - [STDERR_REDIRECT] [Fatal Error] :1:1: Premature end of file.
2026-07-23 20:58:26,438 [ERROR] LogOutputStream:74 - [STDERR_REDIRECT] 
2026-07-23 20:58:27,440 [ERROR] LogOutputStream:74 - [STDERR_REDIRECT] [Fatal Error] :1:1: Premature end of file.
2026-07-23 20:58:27,440 [ERROR] LogOutputStream:74 - [STDERR_REDIRECT] 
2026-07-23 20:58:28,440 [ERROR] LogOutputStream:74 - [STDERR_REDIRECT] [Fatal Error] :1:1: Premature end of file.
2026-07-23 20:58:28,441 [ERROR] LogOutputStream:74 - [STDERR_REDIRECT] 
2026-07-23 20:58:29,431 [ERROR] LogOutputStream:74 - [STDERR_REDIRECT] [Fatal Error] :1:1: Premature end of file.
2026-07-23 20:58:29,431 [ERROR] LogOutputStream:74 - [STDERR_REDIRECT] 
2026-07-23 20:58:30,441 [ERROR] LogOutputStream:74 - [STDERR_REDIRECT] [Fatal Error] :1:1: Premature end of file.
2026-07-23 20:58:30,441 [ERROR] LogOutputStream:74 - [STDERR_REDIRECT] 
2026-07-23 20:58:31,431 [ERROR] LogOutputStream:74 - [STDERR_REDIRECT] [Fatal Error] :1:1: Premature end of file.
2026-07-23 20:58:31,431 [ERROR] LogOutputStream:74 - [STDERR_REDIRECT] 
2026-07-23 20:58:32,428 [ERROR] LogOutputStream:74 - [STDERR_REDIRECT] [Fatal Error] :1:1: Premature end of file.
2026-07-23 20:58:32,428 [ERROR] LogOutputStream:74 - [STDERR_REDIRECT] 
2026-07-23 20:58:33,476 [ERROR] LogOutputStream:74 - [STDERR_REDIRECT] [Fatal Error] :1:1: Premature end of file.
2026-07-23 20:58:33,477 [ERROR] LogOutputStream:74 - [STDERR_REDIRECT] 
2026-07-23 20:58:34,443 [ERROR] LogOutputStream:74 - [STDERR_REDIRECT] [Fatal Error] :1:1: Premature end of file.
2026-07-23 20:58:34,444 [ERROR] LogOutputStream:74 - [STDERR_REDIRECT] 
2026-07-23 20:58:35,437 [ERROR] LogOutputStream:74 - [STDERR_REDIRECT] [Fatal Error] :1:1: Premature end of file.
2026-07-23 20:58:35,437 [ERROR] LogOutputStream:74 - [STDERR_REDIRECT] 
2026-07-23 20:58:36,438 [ERROR] LogOutputStream:74 - [STDERR_REDIRECT] [Fatal Error] :1:1: Premature end of file.
2026-07-23 20:58:36,438 [ERROR] LogOutputStream:74 - [STDERR_REDIRECT] 
2026-07-23 20:58:37,433 [ERROR] LogOutputStream:74 - [STDERR_REDIRECT] [Fatal Error] :1:1: Premature end of file.
2026-07-23 20:58:37,433 [ERROR] LogOutputStream:74 - [STDERR_REDIRECT] 
2026-07-23 20:58:38,439 [ERROR] LogOutputStream:74 - [STDERR_REDIRECT] [Fatal Error] :1:1: Premature end of file.
2026-07-23 20:58:38,440 [ERROR] LogOutputStream:74 - [STDERR_REDIRECT] 
2026-07-23 20:58:39,431 [ERROR] LogOutputStream:74 - [STDERR_REDIRECT] [Fatal Error] :1:1: Premature end of file.
2026-07-23 20:58:39,431 [ERROR] LogOutputStream:74 - [STDERR_REDIRECT] 
2026-07-23 20:58:40,435 [ERROR] LogOutputStream:74 - [STDERR_REDIRECT] [Fatal Error] :1:1: Premature end of file.
2026-07-23 20:58:40,435 [ERROR] LogOutputStream:74 - [STDERR_REDIRECT] 
2026-07-23 20:58:41,431 [ERROR] LogOutputStream:74 - [STDERR_REDIRECT] [Fatal Error] :1:1: Premature end of file.
2026-07-23 20:58:41,432 [ERROR] LogOutputStream:74 - [STDERR_REDIRECT] 
2026-07-23 20:58:42,430 [ERROR] LogOutputStream:74 - [STDERR_REDIRECT] [Fatal Error] :1:1: Premature end of file.
2026-07-23 20:58:42,430 [ERROR] LogOutputStream:74 - [STDERR_REDIRECT] 
2026-07-23 20:58:43,430 [ERROR] LogOutputStream:74 - [STDERR_REDIRECT] [Fatal Error] :1:1: Premature end of file.
2026-07-23 20:58:43,430 [ERROR] LogOutputStream:74 - [STDERR_REDIRECT] 
2026-07-23 20:58:44,441 [ERROR] LogOutputStream:74 - [STDERR_REDIRECT] [Fatal Error] :1:1: Premature end of file.
2026-07-23 20:58:44,441 [ERROR] LogOutputStream:74 - [STDERR_REDIRECT] 
2026-07-23 20:58:45,436 [ERROR] LogOutputStream:74 - [STDERR_REDIRECT] [Fatal Error] :1:1: Premature end of file.
2026-07-23 20:58:45,436 [ERROR] LogOutputStream:74 - [STDERR_REDIRECT] 
2026-07-23 20:58:46,431 [ERROR] LogOutputStream:74 - [STDERR_REDIRECT] [Fatal Error] :1:1: Premature end of file.
2026-07-23 20:58:46,431 [ERROR] LogOutputStream:74 - [STDERR_REDIRECT] 
2026-07-23 20:58:47,434 [ERROR] LogOutputStream:74 - [STDERR_REDIRECT] [Fatal Error] :1:1: Premature end of file.
2026-07-23 20:58:47,434 [ERROR] LogOutputStream:74 - [STDERR_REDIRECT] 
2026-07-23 20:58:48,427 [ERROR] LogOutputStream:74 - [STDERR_REDIRECT] [Fatal Error] :1:1: Premature end of file.
2026-07-23 20:58:48,427 [ERROR] LogOutputStream:74 - [STDERR_REDIRECT] 
2026-07-23 20:58:49,436 [ERROR] LogOutputStream:74 - [STDERR_REDIRECT] [Fatal Error] :1:1: Premature end of file.
2026-07-23 20:58:49,436 [ERROR] LogOutputStream:74 - [STDERR_REDIRECT] 
2026-07-23 20:58:50,434 [ERROR] LogOutputStream:74 - [STDERR_REDIRECT] [Fatal Error] :1:1: Premature end of file.
2026-07-23 20:58:50,434 [ERROR] LogOutputStream:74 - [STDERR_REDIRECT] 
2026-07-23 20:58:51,436 [ERROR] LogOutputStream:74 - [STDERR_REDIRECT] [Fatal Error] :1:1: Premature end of file.
2026-07-23 20:58:51,436 [ERROR] LogOutputStream:74 - [STDERR_REDIRECT] 
2026-07-23 20:58:52,434 [ERROR] LogOutputStream:74 - [STDERR_REDIRECT] [Fatal Error] :1:1: Premature end of file.
2026-07-23 20:58:52,435 [ERROR] LogOutputStream:74 - [STDERR_REDIRECT] 
2026-07-23 20:58:53,430 [ERROR] LogOutputStream:74 - [STDERR_REDIRECT] [Fatal Error] :1:1: Premature end of file.
2026-07-23 20:58:53,430 [ERROR] LogOutputStream:74 - [STDERR_REDIRECT] 
2026-07-23 20:58:54,427 [ERROR] LogOutputStream:74 - [STDERR_REDIRECT] [Fatal Error] :1:1: Premature end of file.
2026-07-23 20:58:54,427 [ERROR] LogOutputStream:74 - [STDERR_REDIRECT] 
2026-07-23 20:58:55,443 [ERROR] LogOutputStream:74 - [STDERR_REDIRECT] [Fatal Error] :1:1: Premature end of file.
2026-07-23 20:58:55,443 [ERROR] LogOutputStream:74 - [STDERR_REDIRECT] 
2026-07-23 20:58:56,444 [ERROR] LogOutputStream:74 - [STDERR_REDIRECT] [Fatal Error] :1:1: Premature end of file.
2026-07-23 20:58:56,445 [ERROR] LogOutputStream:74 - [STDERR_REDIRECT] 
2026-07-23 20:58:57,442 [ERROR] LogOutputStream:74 - [STDERR_REDIRECT] [Fatal Error] :1:1: Premature end of file.
2026-07-23 20:58:57,442 [ERROR] LogOutputStream:74 - [STDERR_REDIRECT] 
2026-07-23 20:58:58,434 [ERROR] LogOutputStream:74 - [STDERR_REDIRECT] [Fatal Error] :1:1: Premature end of file.
2026-07-23 20:58:58,435 [ERROR] LogOutputStream:74 - [STDERR_REDIRECT] 
2026-07-23 20:58:59,439 [ERROR] LogOutputStream:74 - [STDERR_REDIRECT] [Fatal Error] :1:1: Premature end of file.
2026-07-23 20:58:59,439 [ERROR] LogOutputStream:74 - [STDERR_REDIRECT] 
2026-07-23 20:59:00,441 [ERROR] LogOutputStream:74 - [STDERR_REDIRECT] [Fatal Error] :1:1: Premature end of file.
2026-07-23 20:59:00,441 [ERROR] LogOutputStream:74 - [STDERR_REDIRECT] 
2026-07-23 20:59:01,442 [ERROR] LogOutputStream:74 - [STDERR_REDIRECT] [Fatal Error] :1:1: Premature end of file.
2026-07-23 20:59:01,442 [ERROR] LogOutputStream:74 - [STDERR_REDIRECT] 
2026-07-23 20:59:02,438 [ERROR] LogOutputStream:74 - [STDERR_REDIRECT] [Fatal Error] :1:1: Premature end of file.
2026-07-23 20:59:02,439 [ERROR] LogOutputStream:74 - [STDERR_REDIRECT] 
2026-07-23 20:59:03,429 [ERROR] LogOutputStream:74 - [STDERR_REDIRECT] [Fatal Error] :1:1: Premature end of file.
2026-07-23 20:59:03,429 [ERROR] LogOutputStream:74 - [STDERR_REDIRECT] 
2026-07-23 20:59:04,429 [ERROR] LogOutputStream:74 - [STDERR_REDIRECT] [Fatal Error] :1:1: Premature end of file.
2026-07-23 20:59:04,430 [ERROR] LogOutputStream:74 - [STDERR_REDIRECT] 
2026-07-23 20:59:05,438 [ERROR] LogOutputStream:74 - [STDERR_REDIRECT] [Fatal Error] :1:1: Premature end of file.
2026-07-23 20:59:05,438 [ERROR] LogOutputStream:74 - [STDERR_REDIRECT] 
2026-07-23 20:59:06,434 [ERROR] LogOutputStream:74 - [STDERR_REDIRECT] [Fatal Error] :1:1: Premature end of file.
2026-07-23 20:59:06,434 [ERROR] LogOutputStream:74 - [STDERR_REDIRECT] 
2026-07-23 20:59:07,431 [ERROR] LogOutputStream:74 - [STDERR_REDIRECT] [Fatal Error] :1:1: Premature end of file.
2026-07-23 20:59:07,431 [ERROR] LogOutputStream:74 - [STDERR_REDIRECT] 
2026-07-23 20:59:08,428 [ERROR] LogOutputStream:74 - [STDERR_REDIRECT] [Fatal Error] :1:1: Premature end of file.
2026-07-23 20:59:08,428 [ERROR] LogOutputStream:74 - [STDERR_REDIRECT] 
2026-07-23 20:59:09,428 [ERROR] LogOutputStream:74 - [STDERR_REDIRECT] [Fatal Error] :1:1: Premature end of file.
2026-07-23 20:59:09,429 [ERROR] LogOutputStream:74 - [STDERR_REDIRECT] 
2026-07-23 20:59:10,441 [ERROR] LogOutputStream:74 - [STDERR_REDIRECT] [Fatal Error] :1:1: Premature end of file.
2026-07-23 20:59:10,441 [ERROR] LogOutputStream:74 - [STDERR_REDIRECT] 
2026-07-23 20:59:11,436 [ERROR] LogOutputStream:74 - [STDERR_REDIRECT] [Fatal Error] :1:1: Premature end of file.
2026-07-23 20:59:11,436 [ERROR] LogOutputStream:74 - [STDERR_REDIRECT] 
2026-07-23 20:59:12,432 [ERROR] LogOutputStream:74 - [STDERR_REDIRECT] [Fatal Error] :1:1: Premature end of file.
2026-07-23 20:59:12,432 [ERROR] LogOutputStream:74 - [STDERR_REDIRECT] 
2026-07-23 20:59:13,439 [ERROR] LogOutputStream:74 - [STDERR_REDIRECT] [Fatal Error] :1:1: Premature end of file.
2026-07-23 20:59:13,439 [ERROR] LogOutputStream:74 - [STDERR_REDIRECT] 
2026-07-23 20:59:14,433 [ERROR] LogOutputStream:74 - [STDERR_REDIRECT] [Fatal Error] :1:1: Premature end of file.
2026-07-23 20:59:14,434 [ERROR] LogOutputStream:74 - [STDERR_REDIRECT] 
2026-07-23 20:59:15,429 [ERROR] LogOutputStream:74 - [STDERR_REDIRECT] [Fatal Error] :1:1: Premature end of file.
2026-07-23 20:59:15,429 [ERROR] LogOutputStream:74 - [STDERR_REDIRECT] 
2026-07-23 20:59:16,439 [ERROR] LogOutputStream:74 - [STDERR_REDIRECT] [Fatal Error] :1:1: Premature end of file.
2026-07-23 20:59:16,439 [ERROR] LogOutputStream:74 - [STDERR_REDIRECT] 
2026-07-23 20:59:17,430 [ERROR] LogOutputStream:74 - [STDERR_REDIRECT] [Fatal Error] :1:1: Premature end of file.
2026-07-23 20:59:17,431 [ERROR] LogOutputStream:74 - [STDERR_REDIRECT] 
2026-07-23 20:59:18,430 [ERROR] LogOutputStream:74 - [STDERR_REDIRECT] [Fatal Error] :1:1: Premature end of file.
2026-07-23 20:59:18,430 [ERROR] LogOutputStream:74 - [STDERR_REDIRECT] 
2026-07-23 20:59:19,440 [ERROR] LogOutputStream:74 - [STDERR_REDIRECT] [Fatal Error] :1:1: Premature end of file.
2026-07-23 20:59:19,440 [ERROR] LogOutputStream:74 - [STDERR_REDIRECT] 
2026-07-23 20:59:20,434 [ERROR] LogOutputStream:74 - [STDERR_REDIRECT] [Fatal Error] :1:1: Premature end of file.
2026-07-23 20:59:20,434 [ERROR] LogOutputStream:74 - [STDERR_REDIRECT] 
2026-07-23 20:59:21,440 [ERROR] LogOutputStream:74 - [STDERR_REDIRECT] [Fatal Error] :1:1: Premature end of file.
2026-07-23 20:59:21,440 [ERROR] LogOutputStream:74 - [STDERR_REDIRECT] 
2026-07-23 20:59:22,435 [ERROR] LogOutputStream:74 - [STDERR_REDIRECT] [Fatal Error] :1:1: Premature end of file.
2026-07-23 20:59:22,435 [ERROR] LogOutputStream:74 - [STDERR_REDIRECT] 
2026-07-23 20:59:23,434 [ERROR] LogOutputStream:74 - [STDERR_REDIRECT] [Fatal Error] :1:1: Premature end of file.
2026-07-23 20:59:23,434 [ERROR] LogOutputStream:74 - [STDERR_REDIRECT] 
2026-07-23 20:59:24,428 [ERROR] LogOutputStream:74 - [STDERR_REDIRECT] [Fatal Error] :1:1: Premature end of file.
2026-07-23 20:59:24,428 [ERROR] LogOutputStream:74 - [STDERR_REDIRECT] 
2026-07-23 20:59:25,440 [ERROR] LogOutputStream:74 - [STDERR_REDIRECT] [Fatal Error] :1:1: Premature end of file.
2026-07-23 20:59:25,440 [ERROR] LogOutputStream:74 - [STDERR_REDIRECT] 
2026-07-23 20:59:26,432 [ERROR] LogOutputStream:74 - [STDERR_REDIRECT] [Fatal Error] :1:1: Premature end of file.
2026-07-23 20:59:26,432 [ERROR] LogOutputStream:74 - [STDERR_REDIRECT] 
2026-07-23 20:59:27,446 [ERROR] LogOutputStream:74 - [STDERR_REDIRECT] [Fatal Error] :1:1: Premature end of file.
2026-07-23 20:59:27,446 [ERROR] LogOutputStream:74 - [STDERR_REDIRECT] 
2026-07-23 20:59:28,429 [ERROR] LogOutputStream:74 - [STDERR_REDIRECT] [Fatal Error] :1:1: Premature end of file.
2026-07-23 20:59:28,430 [ERROR] LogOutputStream:74 - [STDERR_REDIRECT] 
2026-07-23 20:59:29,427 [ERROR] LogOutputStream:74 - [STDERR_REDIRECT] [Fatal Error] :1:1: Premature end of file.
2026-07-23 20:59:29,427 [ERROR] LogOutputStream:74 - [STDERR_REDIRECT] 
2026-07-23 20:59:30,440 [ERROR] LogOutputStream:74 - [STDERR_REDIRECT] [Fatal Error] :1:1: Premature end of file.
2026-07-23 20:59:30,441 [ERROR] LogOutputStream:74 - [STDERR_REDIRECT] 
2026-07-23 20:59:31,437 [ERROR] LogOutputStream:74 - [STDERR_REDIRECT] [Fatal Error] :1:1: Premature end of file.
2026-07-23 20:59:31,438 [ERROR] LogOutputStream:74 - [STDERR_REDIRECT] 
2026-07-23 20:59:32,436 [ERROR] LogOutputStream:74 - [STDERR_REDIRECT] [Fatal Error] :1:1: Premature end of file.
2026-07-23 20:59:32,436 [ERROR] LogOutputStream:74 - [STDERR_REDIRECT] 
2026-07-23 20:59:33,430 [ERROR] LogOutputStream:74 - [STDERR_REDIRECT] [Fatal Error] :1:1: Premature end of file.
2026-07-23 20:59:33,430 [ERROR] LogOutputStream:74 - [STDERR_REDIRECT] 
2026-07-23 20:59:34,444 [ERROR] LogOutputStream:74 - [STDERR_REDIRECT] [Fatal Error] :1:1: Premature end of file.
2026-07-23 20:59:34,444 [ERROR] LogOutputStream:74 - [STDERR_REDIRECT] 
2026-07-23 20:59:35,442 [ERROR] LogOutputStream:74 - [STDERR_REDIRECT] [Fatal Error] :1:1: Premature end of file.
2026-07-23 20:59:35,442 [ERROR] LogOutputStream:74 - [STDERR_REDIRECT] 
2026-07-23 20:59:36,438 [ERROR] LogOutputStream:74 - [STDERR_REDIRECT] [Fatal Error] :1:1: Premature end of file.
2026-07-23 20:59:36,438 [ERROR] LogOutputStream:74 - [STDERR_REDIRECT] 
2026-07-23 20:59:37,434 [ERROR] LogOutputStream:74 - [STDERR_REDIRECT] [Fatal Error] :1:1: Premature end of file.
2026-07-23 20:59:37,434 [ERROR] LogOutputStream:74 - [STDERR_REDIRECT] 
2026-07-23 20:59:38,441 [ERROR] LogOutputStream:74 - [STDERR_REDIRECT] [Fatal Error] :1:1: Premature end of file.
2026-07-23 20:59:38,441 [ERROR] LogOutputStream:74 - [STDERR_REDIRECT] 
2026-07-23 20:59:39,436 [ERROR] LogOutputStream:74 - [STDERR_REDIRECT] [Fatal Error] :1:1: Premature end of file.
2026-07-23 20:59:39,436 [ERROR] LogOutputStream:74 - [STDERR_REDIRECT] 
2026-07-23 20:59:40,441 [ERROR] LogOutputStream:74 - [STDERR_REDIRECT] [Fatal Error] :1:1: Premature end of file.
2026-07-23 20:59:40,442 [ERROR] LogOutputStream:74 - [STDERR_REDIRECT] 
2026-07-23 20:59:41,437 [ERROR] LogOutputStream:74 - [STDERR_REDIRECT] [Fatal Error] :1:1: Premature end of file.
2026-07-23 20:59:41,437 [ERROR] LogOutputStream:74 - [STDERR_REDIRECT] 
2026-07-23 20:59:42,436 [ERROR] LogOutputStream:74 - [STDERR_REDIRECT] [Fatal Error] :1:1: Premature end of file.
2026-07-23 20:59:42,437 [ERROR] LogOutputStream:74 - [STDERR_REDIRECT] 
2026-07-23 20:59:43,431 [ERROR] LogOutputStream:74 - [STDERR_REDIRECT] [Fatal Error] :1:1: Premature end of file.
2026-07-23 20:59:43,432 [ERROR] LogOutputStream:74 - [STDERR_REDIRECT] 
2026-07-23 20:59:44,434 [ERROR] LogOutputStream:74 - [STDERR_REDIRECT] [Fatal Error] :1:1: Premature end of file.
2026-07-23 20:59:44,434 [ERROR] LogOutputStream:74 - [STDERR_REDIRECT] 
2026-07-23 20:59:45,432 [ERROR] LogOutputStream:74 - [STDERR_REDIRECT] [Fatal Error] :1:1: Premature end of file.
2026-07-23 20:59:45,432 [ERROR] LogOutputStream:74 - [STDERR_REDIRECT] 
2026-07-23 20:59:46,426 [ERROR] LogOutputStream:74 - [STDERR_REDIRECT] [Fatal Error] :1:1: Premature end of file.
2026-07-23 20:59:46,426 [ERROR] LogOutputStream:74 - [STDERR_REDIRECT] 
2026-07-23 20:59:47,441 [ERROR] LogOutputStream:74 - [STDERR_REDIRECT] [Fatal Error] :1:1: Premature end of file.
2026-07-23 20:59:47,441 [ERROR] LogOutputStream:74 - [STDERR_REDIRECT] 
2026-07-23 20:59:48,443 [ERROR] LogOutputStream:74 - [STDERR_REDIRECT] [Fatal Error] :1:1: Premature end of file.
2026-07-23 20:59:48,443 [ERROR] LogOutputStream:74 - [STDERR_REDIRECT] 
2026-07-23 20:59:49,442 [ERROR] LogOutputStream:74 - [STDERR_REDIRECT] [Fatal Error] :1:1: Premature end of file.
2026-07-23 20:59:49,442 [ERROR] LogOutputStream:74 - [STDERR_REDIRECT] 
2026-07-23 20:59:50,430 [ERROR] LogOutputStream:74 - [STDERR_REDIRECT] [Fatal Error] :1:1: Premature end of file.
2026-07-23 20:59:50,430 [ERROR] LogOutputStream:74 - [STDERR_REDIRECT] 
2026-07-23 20:59:51,441 [ERROR] LogOutputStream:74 - [STDERR_REDIRECT] [Fatal Error] :1:1: Premature end of file.
2026-07-23 20:59:51,441 [ERROR] LogOutputStream:74 - [STDERR_REDIRECT] 
2026-07-23 20:59:52,436 [ERROR] LogOutputStream:74 - [STDERR_REDIRECT] [Fatal Error] :1:1: Premature end of file.
2026-07-23 20:59:52,436 [ERROR] LogOutputStream:74 - [STDERR_REDIRECT] 
2026-07-23 20:59:53,474 [ERROR] LogOutputStream:74 - [STDERR_REDIRECT] [Fatal Error] :1:1: Premature end of file.
2026-07-23 20:59:53,474 [ERROR] LogOutputStream:74 - [STDERR_REDIRECT] 
2026-07-23 20:59:54,452 [ERROR] LogOutputStream:74 - [STDERR_REDIRECT] [Fatal Error] :1:1: Premature end of file.
2026-07-23 20:59:54,453 [ERROR] LogOutputStream:74 - [STDERR_REDIRECT] 
2026-07-23 20:59:56,246 [ERROR] LogOutputStream:74 - [STDERR_REDIRECT] [Fatal Error] :1:1: Premature end of file.
2026-07-23 20:59:56,247 [ERROR] LogOutputStream:74 - [STDERR_REDIRECT] 
2026-07-23 20:59:56,482 [ERROR] LogOutputStream:74 - [STDERR_REDIRECT] [Fatal Error] :1:1: Premature end of file.
2026-07-23 20:59:56,482 [ERROR] LogOutputStream:74 - [STDERR_REDIRECT] 
2026-07-23 20:59:57,509 [ERROR] LogOutputStream:74 - [STDERR_REDIRECT] [Fatal Error] :1:1: Premature end of file.
2026-07-23 20:59:57,510 [ERROR] LogOutputStream:74 - [STDERR_REDIRECT] 
2026-07-23 20:59:58,537 [ERROR] LogOutputStream:74 - [STDERR_REDIRECT] [Fatal Error] :1:1: Premature end of file.
2026-07-23 20:59:58,538 [ERROR] LogOutputStream:74 - [STDERR_REDIRECT] 
2026-07-23 20:59:59,495 [ERROR] LogOutputStream:74 - [STDERR_REDIRECT] [Fatal Error] :1:1: Premature end of file.
2026-07-23 20:59:59,495 [ERROR] LogOutputStream:74 - [STDERR_REDIRECT] 
2026-07-23 21:00:00,464 [ERROR] LogOutputStream:74 - [STDERR_REDIRECT] [Fatal Error] :1:1: Premature end of file.
2026-07-23 21:00:00,464 [ERROR] LogOutputStream:74 - [STDERR_REDIRECT] 
2026-07-23 21:00:01,464 [ERROR] LogOutputStream:74 - [STDERR_REDIRECT] [Fatal Error] :1:1: Premature end of file.
2026-07-23 21:00:01,465 [ERROR] LogOutputStream:74 - [STDERR_REDIRECT] 
2026-07-23 21:00:02,455 [ERROR] LogOutputStream:74 - [STDERR_REDIRECT] [Fatal Error] :1:1: Premature end of file.
2026-07-23 21:00:02,456 [ERROR] LogOutputStream:74 - [STDERR_REDIRECT] 
2026-07-23 21:00:03,447 [ERROR] LogOutputStream:74 - [STDERR_REDIRECT] [Fatal Error] :1:1: Premature end of file.
2026-07-23 21:00:03,448 [ERROR] LogOutputStream:74 - [STDERR_REDIRECT] 
2026-07-23 21:00:04,456 [ERROR] LogOutputStream:74 - [STDERR_REDIRECT] [Fatal Error] :1:1: Premature end of file.
2026-07-23 21:00:04,456 [ERROR] LogOutputStream:74 - [STDERR_REDIRECT] 
2026-07-23 21:00:05,457 [ERROR] LogOutputStream:74 - [STDERR_REDIRECT] [Fatal Error] :1:1: Premature end of file.
2026-07-23 21:00:05,458 [ERROR] LogOutputStream:74 - [STDERR_REDIRECT] 
2026-07-23 21:00:06,449 [ERROR] LogOutputStream:74 - [STDERR_REDIRECT] [Fatal Error] :1:1: Premature end of file.
2026-07-23 21:00:06,450 [ERROR] LogOutputStream:74 - [STDERR_REDIRECT] 
2026-07-23 21:00:07,437 [ERROR] LogOutputStream:74 - [STDERR_REDIRECT] [Fatal Error] :1:1: Premature end of file.
2026-07-23 21:00:07,437 [ERROR] LogOutputStream:74 - [STDERR_REDIRECT] 
2026-07-23 21:00:08,460 [ERROR] LogOutputStream:74 - [STDERR_REDIRECT] [Fatal Error] :1:1: Premature end of file.
2026-07-23 21:00:08,461 [ERROR] LogOutputStream:74 - [STDERR_REDIRECT] 
2026-07-23 21:00:09,447 [ERROR] LogOutputStream:74 - [STDERR_REDIRECT] [Fatal Error] :1:1: Premature end of file.
2026-07-23 21:00:09,447 [ERROR] LogOutputStream:74 - [STDERR_REDIRECT] 
2026-07-23 21:00:10,440 [ERROR] LogOutputStream:74 - [STDERR_REDIRECT] [Fatal Error] :1:1: Premature end of file.
2026-07-23 21:00:10,440 [ERROR] LogOutputStream:74 - [STDERR_REDIRECT] 
2026-07-23 21:00:11,445 [ERROR] LogOutputStream:74 - [STDERR_REDIRECT] [Fatal Error] :1:1: Premature end of file.
2026-07-23 21:00:11,445 [ERROR] LogOutputStream:74 - [STDERR_REDIRECT] 
2026-07-23 21:00:12,440 [ERROR] LogOutputStream:74 - [STDERR_REDIRECT] [Fatal Error] :1:1: Premature end of file.
2026-07-23 21:00:12,441 [ERROR] LogOutputStream:74 - [STDERR_REDIRECT] 
2026-07-23 21:00:13,437 [ERROR] LogOutputStream:74 - [STDERR_REDIRECT] [Fatal Error] :1:1: Premature end of file.
2026-07-23 21:00:13,437 [ERROR] LogOutputStream:74 - [STDERR_REDIRECT] 
2026-07-23 21:00:14,461 [ERROR] LogOutputStream:74 - [STDERR_REDIRECT] [Fatal Error] :1:1: Premature end of file.
2026-07-23 21:00:14,461 [ERROR] LogOutputStream:74 - [STDERR_REDIRECT] 
2026-07-23 21:00:15,455 [ERROR] LogOutputStream:74 - [STDERR_REDIRECT] [Fatal Error] :1:1: Premature end of file.
2026-07-23 21:00:15,455 [ERROR] LogOutputStream:74 - [STDERR_REDIRECT] 
2026-07-23 21:00:16,442 [ERROR] LogOutputStream:74 - [STDERR_REDIRECT] [Fatal Error] :1:1: Premature end of file.
2026-07-23 21:00:16,442 [ERROR] LogOutputStream:74 - [STDERR_REDIRECT] 
2026-07-23 21:00:17,437 [ERROR] LogOutputStream:74 - [STDERR_REDIRECT] [Fatal Error] :1:1: Premature end of file.
2026-07-23 21:00:17,438 [ERROR] LogOutputStream:74 - [STDERR_REDIRECT] 
2026-07-23 21:00:18,437 [ERROR] LogOutputStream:74 - [STDERR_REDIRECT] [Fatal Error] :1:1: Premature end of file.
2026-07-23 21:00:18,438 [ERROR] LogOutputStream:74 - [STDERR_REDIRECT] 
2026-07-23 21:00:19,434 [ERROR] LogOutputStream:74 - [STDERR_REDIRECT] [Fatal Error] :1:1: Premature end of file.
2026-07-23 21:00:19,434 [ERROR] LogOutputStream:74 - [STDERR_REDIRECT] 
2026-07-23 21:00:20,450 [ERROR] LogOutputStream:74 - [STDERR_REDIRECT] [Fatal Error] :1:1: Premature end of file.
2026-07-23 21:00:20,450 [ERROR] LogOutputStream:74 - [STDERR_REDIRECT] 
2026-07-23 21:00:21,440 [ERROR] LogOutputStream:74 - [STDERR_REDIRECT] [Fatal Error] :1:1: Premature end of file.
2026-07-23 21:00:21,440 [ERROR] LogOutputStream:74 - [STDERR_REDIRECT] 
2026-07-23 21:00:22,449 [ERROR] LogOutputStream:74 - [STDERR_REDIRECT] [Fatal Error] :1:1: Premature end of file.
2026-07-23 21:00:22,449 [ERROR] LogOutputStream:74 - [STDERR_REDIRECT] 
2026-07-23 21:00:23,432 [ERROR] LogOutputStream:74 - [STDERR_REDIRECT] [Fatal Error] :1:1: Premature end of file.
2026-07-23 21:00:23,433 [ERROR] LogOutputStream:74 - [STDERR_REDIRECT] 
2026-07-23 21:00:24,438 [ERROR] LogOutputStream:74 - [STDERR_REDIRECT] [Fatal Error] :1:1: Premature end of file.
2026-07-23 21:00:24,439 [ERROR] LogOutputStream:74 - [STDERR_REDIRECT] 
2026-07-23 21:00:25,445 [ERROR] LogOutputStream:74 - [STDERR_REDIRECT] [Fatal Error] :1:1: Premature end of file.
2026-07-23 21:00:25,445 [ERROR] LogOutputStream:74 - [STDERR_REDIRECT] 
2026-07-23 21:00:26,444 [ERROR] LogOutputStream:74 - [STDERR_REDIRECT] [Fatal Error] :1:1: Premature end of file.
2026-07-23 21:00:26,444 [ERROR] LogOutputStream:74 - [STDERR_REDIRECT] 
2026-07-23 21:00:27,436 [ERROR] LogOutputStream:74 - [STDERR_REDIRECT] [Fatal Error] :1:1: Premature end of file.
2026-07-23 21:00:27,436 [ERROR] LogOutputStream:74 - [STDERR_REDIRECT] 
2026-07-23 21:00:28,447 [ERROR] LogOutputStream:74 - [STDERR_REDIRECT] [Fatal Error] :1:1: Premature end of file.
2026-07-23 21:00:28,448 [ERROR] LogOutputStream:74 - [STDERR_REDIRECT] 
2026-07-23 21:00:29,441 [ERROR] LogOutputStream:74 - [STDERR_REDIRECT] [Fatal Error] :1:1: Premature end of file.
2026-07-23 21:00:29,441 [ERROR] LogOutputStream:74 - [STDERR_REDIRECT] 
2026-07-23 21:00:30,437 [ERROR] LogOutputStream:74 - [STDERR_REDIRECT] [Fatal Error] :1:1: Premature end of file.
2026-07-23 21:00:30,437 [ERROR] LogOutputStream:74 - [STDERR_REDIRECT] 
2026-07-23 21:00:31,436 [ERROR] LogOutputStream:74 - [STDERR_REDIRECT] [Fatal Error] :1:1: Premature end of file.
2026-07-23 21:00:31,436 [ERROR] LogOutputStream:74 - [STDERR_REDIRECT] 
2026-07-23 21:00:32,443 [ERROR] LogOutputStream:74 - [STDERR_REDIRECT] [Fatal Error] :1:1: Premature end of file.
2026-07-23 21:00:32,444 [ERROR] LogOutputStream:74 - [STDERR_REDIRECT] 
2026-07-23 21:00:33,435 [ERROR] LogOutputStream:74 - [STDERR_REDIRECT] [Fatal Error] :1:1: Premature end of file.
2026-07-23 21:00:33,436 [ERROR] LogOutputStream:74 - [STDERR_REDIRECT] 
2026-07-23 21:00:34,442 [ERROR] LogOutputStream:74 - [STDERR_REDIRECT] [Fatal Error] :1:1: Premature end of file.
2026-07-23 21:00:34,443 [ERROR] LogOutputStream:74 - [STDERR_REDIRECT] 
2026-07-23 21:00:35,447 [ERROR] LogOutputStream:74 - [STDERR_REDIRECT] [Fatal Error] :1:1: Premature end of file.
2026-07-23 21:00:35,448 [ERROR] LogOutputStream:74 - [STDERR_REDIRECT] 
2026-07-23 21:00:36,438 [ERROR] LogOutputStream:74 - [STDERR_REDIRECT] [Fatal Error] :1:1: Premature end of file.
2026-07-23 21:00:36,438 [ERROR] LogOutputStream:74 - [STDERR_REDIRECT] 
2026-07-23 21:00:37,434 [ERROR] LogOutputStream:74 - [STDERR_REDIRECT] [Fatal Error] :1:1: Premature end of file.
2026-07-23 21:00:37,434 [ERROR] LogOutputStream:74 - [STDERR_REDIRECT] 
2026-07-23 21:00:38,429 [ERROR] LogOutputStream:74 - [STDERR_REDIRECT] [Fatal Error] :1:1: Premature end of file.
2026-07-23 21:00:38,429 [ERROR] LogOutputStream:74 - [STDERR_REDIRECT] 
2026-07-23 21:00:39,436 [ERROR] LogOutputStream:74 - [STDERR_REDIRECT] [Fatal Error] :1:1: Premature end of file.
2026-07-23 21:00:39,436 [ERROR] LogOutputStream:74 - [STDERR_REDIRECT] 
2026-07-23 21:00:40,440 [ERROR] LogOutputStream:74 - [STDERR_REDIRECT] [Fatal Error] :1:1: Premature end of file.
2026-07-23 21:00:40,441 [ERROR] LogOutputStream:74 - [STDERR_REDIRECT] 
2026-07-23 21:00:41,441 [ERROR] LogOutputStream:74 - [STDERR_REDIRECT] [Fatal Error] :1:1: Premature end of file.
2026-07-23 21:00:41,443 [ERROR] LogOutputStream:74 - [STDERR_REDIRECT] 
2026-07-23 21:00:42,430 [ERROR] LogOutputStream:74 - [STDERR_REDIRECT] [Fatal Error] :1:1: Premature end of file.
2026-07-23 21:00:42,431 [ERROR] LogOutputStream:74 - [STDERR_REDIRECT] 
2026-07-23 21:00:43,440 [ERROR] LogOutputStream:74 - [STDERR_REDIRECT] [Fatal Error] :1:1: Premature end of file.
2026-07-23 21:00:43,440 [ERROR] LogOutputStream:74 - [STDERR_REDIRECT] 
2026-07-23 21:00:44,440 [ERROR] LogOutputStream:74 - [STDERR_REDIRECT] [Fatal Error] :1:1: Premature end of file.
2026-07-23 21:00:44,441 [ERROR] LogOutputStream:74 - [STDERR_REDIRECT] 
2026-07-23 21:00:45,446 [ERROR] LogOutputStream:74 - [STDERR_REDIRECT] [Fatal Error] :1:1: Premature end of file.
2026-07-23 21:00:45,446 [ERROR] LogOutputStream:74 - [STDERR_REDIRECT] 
2026-07-23 21:00:46,428 [ERROR] LogOutputStream:74 - [STDERR_REDIRECT] [Fatal Error] :1:1: Premature end of file.
2026-07-23 21:00:46,428 [ERROR] LogOutputStream:74 - [STDERR_REDIRECT] 
2026-07-23 21:00:47,431 [ERROR] LogOutputStream:74 - [STDERR_REDIRECT] [Fatal Error] :1:1: Premature end of file.
2026-07-23 21:00:47,431 [ERROR] LogOutputStream:74 - [STDERR_REDIRECT] 
2026-07-23 21:00:48,430 [ERROR] LogOutputStream:74 - [STDERR_REDIRECT] [Fatal Error] :1:1: Premature end of file.
2026-07-23 21:00:48,431 [ERROR] LogOutputStream:74 - [STDERR_REDIRECT] 
2026-07-23 21:00:49,432 [ERROR] LogOutputStream:74 - [STDERR_REDIRECT] [Fatal Error] :1:1: Premature end of file.
2026-07-23 21:00:49,432 [ERROR] LogOutputStream:74 - [STDERR_REDIRECT] 
2026-07-23 21:00:50,429 [ERROR] LogOutputStream:74 - [STDERR_REDIRECT] [Fatal Error] :1:1: Premature end of file.
2026-07-23 21:00:50,429 [ERROR] LogOutputStream:74 - [STDERR_REDIRECT] 
2026-07-23 21:00:51,439 [ERROR] LogOutputStream:74 - [STDERR_REDIRECT] [Fatal Error] :1:1: Premature end of file.
2026-07-23 21:00:51,439 [ERROR] LogOutputStream:74 - [STDERR_REDIRECT] 
2026-07-23 21:00:52,448 [ERROR] LogOutputStream:74 - [STDERR_REDIRECT] [Fatal Error] :1:1: Premature end of file.
2026-07-23 21:00:52,448 [ERROR] LogOutputStream:74 - [STDERR_REDIRECT] 
2026-07-23 21:00:53,432 [ERROR] LogOutputStream:74 - [STDERR_REDIRECT] [Fatal Error] :1:1: Premature end of file.
2026-07-23 21:00:53,432 [ERROR] LogOutputStream:74 - [STDERR_REDIRECT] 
2026-07-23 21:00:54,450 [ERROR] LogOutputStream:74 - [STDERR_REDIRECT] [Fatal Error] :1:1: Premature end of file.
2026-07-23 21:00:54,451 [ERROR] LogOutputStream:74 - [STDERR_REDIRECT] 
2026-07-23 21:00:55,433 [ERROR] LogOutputStream:74 - [STDERR_REDIRECT] [Fatal Error] :1:1: Premature end of file.
2026-07-23 21:00:55,433 [ERROR] LogOutputStream:74 - [STDERR_REDIRECT] 
2026-07-23 21:00:56,446 [ERROR] LogOutputStream:74 - [STDERR_REDIRECT] [Fatal Error] :1:1: Premature end of file.
2026-07-23 21:00:56,446 [ERROR] LogOutputStream:74 - [STDERR_REDIRECT] 
2026-07-23 21:00:57,444 [ERROR] LogOutputStream:74 - [STDERR_REDIRECT] [Fatal Error] :1:1: Premature end of file.
2026-07-23 21:00:57,444 [ERROR] LogOutputStream:74 - [STDERR_REDIRECT] 
2026-07-23 21:00:58,433 [ERROR] LogOutputStream:74 - [STDERR_REDIRECT] [Fatal Error] :1:1: Premature end of file.
2026-07-23 21:00:58,433 [ERROR] LogOutputStream:74 - [STDERR_REDIRECT] 
2026-07-23 21:00:59,445 [ERROR] LogOutputStream:74 - [STDERR_REDIRECT] [Fatal Error] :1:1: Premature end of file.
2026-07-23 21:00:59,445 [ERROR] LogOutputStream:74 - [STDERR_REDIRECT] 
2026-07-23 21:01:00,443 [ERROR] LogOutputStream:74 - [STDERR_REDIRECT] [Fatal Error] :1:1: Premature end of file.
2026-07-23 21:01:00,444 [ERROR] LogOutputStream:74 - [STDERR_REDIRECT] 
2026-07-23 21:01:01,439 [ERROR] LogOutputStream:74 - [STDERR_REDIRECT] [Fatal Error] :1:1: Premature end of file.
2026-07-23 21:01:01,439 [ERROR] LogOutputStream:74 - [STDERR_REDIRECT] 
2026-07-23 21:01:02,440 [ERROR] LogOutputStream:74 - [STDERR_REDIRECT] [Fatal Error] :1:1: Premature end of file.
2026-07-23 21:01:02,440 [ERROR] LogOutputStream:74 - [STDERR_REDIRECT] 
2026-07-23 21:01:03,431 [ERROR] LogOutputStream:74 - [STDERR_REDIRECT] [Fatal Error] :1:1: Premature end of file.
2026-07-23 21:01:03,431 [ERROR] LogOutputStream:74 - [STDERR_REDIRECT] 
2026-07-23 21:01:04,435 [ERROR] LogOutputStream:74 - [STDERR_REDIRECT] [Fatal Error] :1:1: Premature end of file.
2026-07-23 21:01:04,435 [ERROR] LogOutputStream:74 - [STDERR_REDIRECT] 
2026-07-23 21:01:05,435 [ERROR] LogOutputStream:74 - [STDERR_REDIRECT] [Fatal Error] :1:1: Premature end of file.
2026-07-23 21:01:05,435 [ERROR] LogOutputStream:74 - [STDERR_REDIRECT] 
2026-07-23 21:01:06,443 [ERROR] LogOutputStream:74 - [STDERR_REDIRECT] [Fatal Error] :1:1: Premature end of file.
2026-07-23 21:01:06,443 [ERROR] LogOutputStream:74 - [STDERR_REDIRECT] 
2026-07-23 21:01:07,432 [ERROR] LogOutputStream:74 - [STDERR_REDIRECT] [Fatal Error] :1:1: Premature end of file.
2026-07-23 21:01:07,433 [ERROR] LogOutputStream:74 - [STDERR_REDIRECT] 
2026-07-23 21:01:08,442 [ERROR] LogOutputStream:74 - [STDERR_REDIRECT] [Fatal Error] :1:1: Premature end of file.
2026-07-23 21:01:08,443 [ERROR] LogOutputStream:74 - [STDERR_REDIRECT] 
2026-07-23 21:01:09,431 [ERROR] LogOutputStream:74 - [STDERR_REDIRECT] [Fatal Error] :1:1: Premature end of file.
2026-07-23 21:01:09,431 [ERROR] LogOutputStream:74 - [STDERR_REDIRECT] 
2026-07-23 21:01:10,429 [ERROR] LogOutputStream:74 - [STDERR_REDIRECT] [Fatal Error] :1:1: Premature end of file.
2026-07-23 21:01:10,430 [ERROR] LogOutputStream:74 - [STDERR_REDIRECT] 
2026-07-23 21:01:11,444 [ERROR] LogOutputStream:74 - [STDERR_REDIRECT] [Fatal Error] :1:1: Premature end of file.
2026-07-23 21:01:11,444 [ERROR] LogOutputStream:74 - [STDERR_REDIRECT] 
2026-07-23 21:01:12,456 [ERROR] LogOutputStream:74 - [STDERR_REDIRECT] [Fatal Error] :1:1: Premature end of file.
2026-07-23 21:01:12,456 [ERROR] LogOutputStream:74 - [STDERR_REDIRECT] 
2026-07-23 21:01:13,433 [ERROR] LogOutputStream:74 - [STDERR_REDIRECT] [Fatal Error] :1:1: Premature end of file.
2026-07-23 21:01:13,433 [ERROR] LogOutputStream:74 - [STDERR_REDIRECT] 
2026-07-23 21:01:14,441 [ERROR] LogOutputStream:74 - [STDERR_REDIRECT] [Fatal Error] :1:1: Premature end of file.
2026-07-23 21:01:14,441 [ERROR] LogOutputStream:74 - [STDERR_REDIRECT] 
2026-07-23 21:01:15,447 [ERROR] LogOutputStream:74 - [STDERR_REDIRECT] [Fatal Error] :1:1: Premature end of file.
2026-07-23 21:01:15,447 [ERROR] LogOutputStream:74 - [STDERR_REDIRECT] 
2026-07-23 21:01:16,442 [ERROR] LogOutputStream:74 - [STDERR_REDIRECT] [Fatal Error] :1:1: Premature end of file.
2026-07-23 21:01:16,442 [ERROR] LogOutputStream:74 - [STDERR_REDIRECT] 
2026-07-23 21:01:17,438 [ERROR] LogOutputStream:74 - [STDERR_REDIRECT] [Fatal Error] :1:1: Premature end of file.
2026-07-23 21:01:17,438 [ERROR] LogOutputStream:74 - [STDERR_REDIRECT] 
2026-07-23 21:01:18,445 [ERROR] LogOutputStream:74 - [STDERR_REDIRECT] [Fatal Error] :1:1: Premature end of file.
2026-07-23 21:01:18,445 [ERROR] LogOutputStream:74 - [STDERR_REDIRECT] 
2026-07-23 21:01:19,437 [ERROR] LogOutputStream:74 - [STDERR_REDIRECT] [Fatal Error] :1:1: Premature end of file.
2026-07-23 21:01:19,437 [ERROR] LogOutputStream:74 - [STDERR_REDIRECT] 
2026-07-23 21:01:20,443 [ERROR] LogOutputStream:74 - [STDERR_REDIRECT] [Fatal Error] :1:1: Premature end of file.
2026-07-23 21:01:20,443 [ERROR] LogOutputStream:74 - [STDERR_REDIRECT] 
2026-07-23 21:01:21,440 [ERROR] LogOutputStream:74 - [STDERR_REDIRECT] [Fatal Error] :1:1: Premature end of file.
2026-07-23 21:01:21,440 [ERROR] LogOutputStream:74 - [STDERR_REDIRECT] 
2026-07-23 21:01:22,447 [ERROR] LogOutputStream:74 - [STDERR_REDIRECT] [Fatal Error] :1:1: Premature end of file.
2026-07-23 21:01:22,448 [ERROR] LogOutputStream:74 - [STDERR_REDIRECT] 
2026-07-23 21:01:23,436 [ERROR] LogOutputStream:74 - [STDERR_REDIRECT] [Fatal Error] :1:1: Premature end of file.
2026-07-23 21:01:23,436 [ERROR] LogOutputStream:74 - [STDERR_REDIRECT] 
2026-07-23 21:01:24,436 [ERROR] LogOutputStream:74 - [STDERR_REDIRECT] [Fatal Error] :1:1: Premature end of file.
2026-07-23 21:01:24,436 [ERROR] LogOutputStream:74 - [STDERR_REDIRECT] 
2026-07-23 21:01:25,444 [ERROR] LogOutputStream:74 - [STDERR_REDIRECT] [Fatal Error] :1:1: Premature end of file.
2026-07-23 21:01:25,445 [ERROR] LogOutputStream:74 - [STDERR_REDIRECT] 
2026-07-23 21:01:26,437 [ERROR] LogOutputStream:74 - [STDERR_REDIRECT] [Fatal Error] :1:1: Premature end of file.
2026-07-23 21:01:26,437 [ERROR] LogOutputStream:74 - [STDERR_REDIRECT] 
2026-07-23 21:01:27,433 [ERROR] LogOutputStream:74 - [STDERR_REDIRECT] [Fatal Error] :1:1: Premature end of file.
2026-07-23 21:01:27,433 [ERROR] LogOutputStream:74 - [STDERR_REDIRECT] 
2026-07-23 21:01:28,439 [ERROR] LogOutputStream:74 - [STDERR_REDIRECT] [Fatal Error] :1:1: Premature end of file.
2026-07-23 21:01:28,439 [ERROR] LogOutputStream:74 - [STDERR_REDIRECT] 
2026-07-23 21:01:29,433 [ERROR] LogOutputStream:74 - [STDERR_REDIRECT] [Fatal Error] :1:1: Premature end of file.
2026-07-23 21:01:29,433 [ERROR] LogOutputStream:74 - [STDERR_REDIRECT] 
2026-07-23 21:01:30,443 [ERROR] LogOutputStream:74 - [STDERR_REDIRECT] [Fatal Error] :1:1: Premature end of file.
2026-07-23 21:01:30,444 [ERROR] LogOutputStream:74 - [STDERR_REDIRECT] 
2026-07-23 21:01:31,440 [ERROR] LogOutputStream:74 - [STDERR_REDIRECT] [Fatal Error] :1:1: Premature end of file.
2026-07-23 21:01:31,440 [ERROR] LogOutputStream:74 - [STDERR_REDIRECT] 
2026-07-23 21:01:32,444 [ERROR] LogOutputStream:74 - [STDERR_REDIRECT] [Fatal Error] :1:1: Premature end of file.
2026-07-23 21:01:32,444 [ERROR] LogOutputStream:74 - [STDERR_REDIRECT] 
2026-07-23 21:01:33,443 [ERROR] LogOutputStream:74 - [STDERR_REDIRECT] [Fatal Error] :1:1: Premature end of file.
2026-07-23 21:01:33,443 [ERROR] LogOutputStream:74 - [STDERR_REDIRECT] 
2026-07-23 21:01:34,436 [ERROR] LogOutputStream:74 - [STDERR_REDIRECT] [Fatal Error] :1:1: Premature end of file.
2026-07-23 21:01:34,436 [ERROR] LogOutputStream:74 - [STDERR_REDIRECT] 
2026-07-23 21:01:35,435 [ERROR] LogOutputStream:74 - [STDERR_REDIRECT] [Fatal Error] :1:1: Premature end of file.
2026-07-23 21:01:35,435 [ERROR] LogOutputStream:74 - [STDERR_REDIRECT] 
2026-07-23 21:01:36,437 [ERROR] LogOutputStream:74 - [STDERR_REDIRECT] [Fatal Error] :1:1: Premature end of file.
2026-07-23 21:01:36,438 [ERROR] LogOutputStream:74 - [STDERR_REDIRECT] 
2026-07-23 21:01:37,437 [ERROR] LogOutputStream:74 - [STDERR_REDIRECT] [Fatal Error] :1:1: Premature end of file.
2026-07-23 21:01:37,438 [ERROR] LogOutputStream:74 - [STDERR_REDIRECT] 
2026-07-23 21:01:38,436 [ERROR] LogOutputStream:74 - [STDERR_REDIRECT] [Fatal Error] :1:1: Premature end of file.
2026-07-23 21:01:38,436 [ERROR] LogOutputStream:74 - [STDERR_REDIRECT] 
2026-07-23 21:01:39,442 [ERROR] LogOutputStream:74 - [STDERR_REDIRECT] [Fatal Error] :1:1: Premature end of file.
2026-07-23 21:01:39,442 [ERROR] LogOutputStream:74 - [STDERR_REDIRECT] 
2026-07-23 21:01:40,432 [ERROR] LogOutputStream:74 - [STDERR_REDIRECT] [Fatal Error] :1:1: Premature end of file.
2026-07-23 21:01:40,433 [ERROR] LogOutputStream:74 - [STDERR_REDIRECT] 
2026-07-23 21:01:41,433 [ERROR] LogOutputStream:74 - [STDERR_REDIRECT] [Fatal Error] :1:1: Premature end of file.
2026-07-23 21:01:41,433 [ERROR] LogOutputStream:74 - [STDERR_REDIRECT] 
2026-07-23 21:01:42,439 [ERROR] LogOutputStream:74 - [STDERR_REDIRECT] [Fatal Error] :1:1: Premature end of file.
2026-07-23 21:01:42,440 [ERROR] LogOutputStream:74 - [STDERR_REDIRECT] 
2026-07-23 21:01:43,450 [ERROR] LogOutputStream:74 - [STDERR_REDIRECT] [Fatal Error] :1:1: Premature end of file.
2026-07-23 21:01:43,451 [ERROR] LogOutputStream:74 - [STDERR_REDIRECT] 
2026-07-23 21:01:44,433 [ERROR] LogOutputStream:74 - [STDERR_REDIRECT] [Fatal Error] :1:1: Premature end of file.
2026-07-23 21:01:44,433 [ERROR] LogOutputStream:74 - [STDERR_REDIRECT] 
2026-07-23 21:01:45,434 [ERROR] LogOutputStream:74 - [STDERR_REDIRECT] [Fatal Error] :1:1: Premature end of file.
2026-07-23 21:01:45,435 [ERROR] LogOutputStream:74 - [STDERR_REDIRECT] 
2026-07-23 21:01:46,449 [ERROR] LogOutputStream:74 - [STDERR_REDIRECT] [Fatal Error] :1:1: Premature end of file.
2026-07-23 21:01:46,449 [ERROR] LogOutputStream:74 - [STDERR_REDIRECT] 
2026-07-23 21:01:47,437 [ERROR] LogOutputStream:74 - [STDERR_REDIRECT] [Fatal Error] :1:1: Premature end of file.
2026-07-23 21:01:47,437 [ERROR] LogOutputStream:74 - [STDERR_REDIRECT] 
2026-07-23 21:01:48,432 [ERROR] LogOutputStream:74 - [STDERR_REDIRECT] [Fatal Error] :1:1: Premature end of file.
2026-07-23 21:01:48,432 [ERROR] LogOutputStream:74 - [STDERR_REDIRECT] 
2026-07-23 21:01:49,435 [ERROR] LogOutputStream:74 - [STDERR_REDIRECT] [Fatal Error] :1:1: Premature end of file.
2026-07-23 21:01:49,435 [ERROR] LogOutputStream:74 - [STDERR_REDIRECT] 
2026-07-23 21:01:50,446 [ERROR] LogOutputStream:74 - [STDERR_REDIRECT] [Fatal Error] :1:1: Premature end of file.
2026-07-23 21:01:50,446 [ERROR] LogOutputStream:74 - [STDERR_REDIRECT] 
2026-07-23 21:01:51,432 [ERROR] LogOutputStream:74 - [STDERR_REDIRECT] [Fatal Error] :1:1: Premature end of file.
2026-07-23 21:01:51,433 [ERROR] LogOutputStream:74 - [STDERR_REDIRECT] 
2026-07-23 21:01:52,440 [ERROR] LogOutputStream:74 - [STDERR_REDIRECT] [Fatal Error] :1:1: Premature end of file.
2026-07-23 21:01:52,440 [ERROR] LogOutputStream:74 - [STDERR_REDIRECT] 
2026-07-23 21:01:53,443 [ERROR] LogOutputStream:74 - [STDERR_REDIRECT] [Fatal Error] :1:1: Premature end of file.
2026-07-23 21:01:53,443 [ERROR] LogOutputStream:74 - [STDERR_REDIRECT] 
2026-07-23 21:01:54,443 [ERROR] LogOutputStream:74 - [STDERR_REDIRECT] [Fatal Error] :1:1: Premature end of file.
2026-07-23 21:01:54,444 [ERROR] LogOutputStream:74 - [STDERR_REDIRECT] 
2026-07-23 21:01:55,438 [ERROR] LogOutputStream:74 - [STDERR_REDIRECT] [Fatal Error] :1:1: Premature end of file.
2026-07-23 21:01:55,438 [ERROR] LogOutputStream:74 - [STDERR_REDIRECT] 
2026-07-23 21:01:56,453 [ERROR] LogOutputStream:74 - [STDERR_REDIRECT] [Fatal Error] :1:1: Premature end of file.
2026-07-23 21:01:56,453 [ERROR] LogOutputStream:74 - [STDERR_REDIRECT] 
2026-07-23 21:01:57,437 [ERROR] LogOutputStream:74 - [STDERR_REDIRECT] [Fatal Error] :1:1: Premature end of file.
2026-07-23 21:01:57,437 [ERROR] LogOutputStream:74 - [STDERR_REDIRECT] 
2026-07-23 21:01:58,435 [ERROR] LogOutputStream:74 - [STDERR_REDIRECT] [Fatal Error] :1:1: Premature end of file.
2026-07-23 21:01:58,435 [ERROR] LogOutputStream:74 - [STDERR_REDIRECT] 
2026-07-23 21:01:59,438 [ERROR] LogOutputStream:74 - [STDERR_REDIRECT] [Fatal Error] :1:1: Premature end of file.
2026-07-23 21:01:59,438 [ERROR] LogOutputStream:74 - [STDERR_REDIRECT] 
2026-07-23 21:02:00,445 [ERROR] LogOutputStream:74 - [STDERR_REDIRECT] [Fatal Error] :1:1: Premature end of file.
2026-07-23 21:02:00,445 [ERROR] LogOutputStream:74 - [STDERR_REDIRECT] 
2026-07-23 21:02:01,451 [ERROR] LogOutputStream:74 - [STDERR_REDIRECT] [Fatal Error] :1:1: Premature end of file.
2026-07-23 21:02:01,451 [ERROR] LogOutputStream:74 - [STDERR_REDIRECT] 
2026-07-23 21:02:02,430 [ERROR] LogOutputStream:74 - [STDERR_REDIRECT] [Fatal Error] :1:1: Premature end of file.
2026-07-23 21:02:02,430 [ERROR] LogOutputStream:74 - [STDERR_REDIRECT] 
2026-07-23 21:02:03,433 [ERROR] LogOutputStream:74 - [STDERR_REDIRECT] [Fatal Error] :1:1: Premature end of file.
2026-07-23 21:02:03,434 [ERROR] LogOutputStream:74 - [STDERR_REDIRECT] 
2026-07-23 21:02:04,437 [ERROR] LogOutputStream:74 - [STDERR_REDIRECT] [Fatal Error] :1:1: Premature end of file.
2026-07-23 21:02:04,438 [ERROR] LogOutputStream:74 - [STDERR_REDIRECT] 
2026-07-23 21:02:05,439 [ERROR] LogOutputStream:74 - [STDERR_REDIRECT] [Fatal Error] :1:1: Premature end of file.
2026-07-23 21:02:05,439 [ERROR] LogOutputStream:74 - [STDERR_REDIRECT] 
2026-07-23 21:02:06,443 [ERROR] LogOutputStream:74 - [STDERR_REDIRECT] [Fatal Error] :1:1: Premature end of file.
2026-07-23 21:02:06,443 [ERROR] LogOutputStream:74 - [STDERR_REDIRECT] 
2026-07-23 21:02:07,445 [ERROR] LogOutputStream:74 - [STDERR_REDIRECT] [Fatal Error] :1:1: Premature end of file.
2026-07-23 21:02:07,445 [ERROR] LogOutputStream:74 - [STDERR_REDIRECT] 
2026-07-23 21:02:08,435 [ERROR] LogOutputStream:74 - [STDERR_REDIRECT] [Fatal Error] :1:1: Premature end of file.
2026-07-23 21:02:08,435 [ERROR] LogOutputStream:74 - [STDERR_REDIRECT] 
2026-07-23 21:02:09,434 [ERROR] LogOutputStream:74 - [STDERR_REDIRECT] [Fatal Error] :1:1: Premature end of file.
2026-07-23 21:02:09,434 [ERROR] LogOutputStream:74 - [STDERR_REDIRECT] 
2026-07-23 21:02:10,440 [ERROR] LogOutputStream:74 - [STDERR_REDIRECT] [Fatal Error] :1:1: Premature end of file.
2026-07-23 21:02:10,441 [ERROR] LogOutputStream:74 - [STDERR_REDIRECT] 
2026-07-23 21:02:11,439 [ERROR] LogOutputStream:74 - [STDERR_REDIRECT] [Fatal Error] :1:1: Premature end of file.
2026-07-23 21:02:11,440 [ERROR] LogOutputStream:74 - [STDERR_REDIRECT] 
2026-07-23 21:02:12,438 [ERROR] LogOutputStream:74 - [STDERR_REDIRECT] [Fatal Error] :1:1: Premature end of file.
2026-07-23 21:02:12,438 [ERROR] LogOutputStream:74 - [STDERR_REDIRECT] 
2026-07-23 21:02:13,446 [ERROR] LogOutputStream:74 - [STDERR_REDIRECT] [Fatal Error] :1:1: Premature end of file.
2026-07-23 21:02:13,446 [ERROR] LogOutputStream:74 - [STDERR_REDIRECT] 
2026-07-23 21:02:14,434 [ERROR] LogOutputStream:74 - [STDERR_REDIRECT] [Fatal Error] :1:1: Premature end of file.
2026-07-23 21:02:14,434 [ERROR] LogOutputStream:74 - [STDERR_REDIRECT] 
2026-07-23 21:02:15,439 [ERROR] LogOutputStream:74 - [STDERR_REDIRECT] [Fatal Error] :1:1: Premature end of file.
2026-07-23 21:02:15,440 [ERROR] LogOutputStream:74 - [STDERR_REDIRECT] 
2026-07-23 21:02:16,429 [ERROR] LogOutputStream:74 - [STDERR_REDIRECT] [Fatal Error] :1:1: Premature end of file.
2026-07-23 21:02:16,429 [ERROR] LogOutputStream:74 - [STDERR_REDIRECT] 
2026-07-23 21:02:17,447 [ERROR] LogOutputStream:74 - [STDERR_REDIRECT] [Fatal Error] :1:1: Premature end of file.
2026-07-23 21:02:17,447 [ERROR] LogOutputStream:74 - [STDERR_REDIRECT] 
2026-07-23 21:02:18,434 [ERROR] LogOutputStream:74 - [STDERR_REDIRECT] [Fatal Error] :1:1: Premature end of file.
2026-07-23 21:02:18,434 [ERROR] LogOutputStream:74 - [STDERR_REDIRECT] 
2026-07-23 21:02:19,440 [ERROR] LogOutputStream:74 - [STDERR_REDIRECT] [Fatal Error] :1:1: Premature end of file.
2026-07-23 21:02:19,440 [ERROR] LogOutputStream:74 - [STDERR_REDIRECT] 
2026-07-23 21:02:20,432 [ERROR] LogOutputStream:74 - [STDERR_REDIRECT] [Fatal Error] :1:1: Premature end of file.
2026-07-23 21:02:20,432 [ERROR] LogOutputStream:74 - [STDERR_REDIRECT] 
2026-07-23 21:02:21,441 [ERROR] LogOutputStream:74 - [STDERR_REDIRECT] [Fatal Error] :1:1: Premature end of file.
2026-07-23 21:02:21,441 [ERROR] LogOutputStream:74 - [STDERR_REDIRECT] 
2026-07-23 21:02:22,430 [ERROR] LogOutputStream:74 - [STDERR_REDIRECT] [Fatal Error] :1:1: Premature end of file.
2026-07-23 21:02:22,430 [ERROR] LogOutputStream:74 - [STDERR_REDIRECT] 
2026-07-23 21:02:23,448 [ERROR] LogOutputStream:74 - [STDERR_REDIRECT] [Fatal Error] :1:1: Premature end of file.
2026-07-23 21:02:23,449 [ERROR] LogOutputStream:74 - [STDERR_REDIRECT] 
2026-07-23 21:02:24,441 [ERROR] LogOutputStream:74 - [STDERR_REDIRECT] [Fatal Error] :1:1: Premature end of file.
2026-07-23 21:02:24,441 [ERROR] LogOutputStream:74 - [STDERR_REDIRECT] 
2026-07-23 21:02:25,442 [ERROR] LogOutputStream:74 - [STDERR_REDIRECT] [Fatal Error] :1:1: Premature end of file.
2026-07-23 21:02:25,442 [ERROR] LogOutputStream:74 - [STDERR_REDIRECT] 
2026-07-23 21:02:26,434 [ERROR] LogOutputStream:74 - [STDERR_REDIRECT] [Fatal Error] :1:1: Premature end of file.
2026-07-23 21:02:26,434 [ERROR] LogOutputStream:74 - [STDERR_REDIRECT] 
2026-07-23 21:02:27,438 [ERROR] LogOutputStream:74 - [STDERR_REDIRECT] [Fatal Error] :1:1: Premature end of file.
2026-07-23 21:02:27,438 [ERROR] LogOutputStream:74 - [STDERR_REDIRECT] 
2026-07-23 21:02:28,436 [ERROR] LogOutputStream:74 - [STDERR_REDIRECT] [Fatal Error] :1:1: Premature end of file.
2026-07-23 21:02:28,437 [ERROR] LogOutputStream:74 - [STDERR_REDIRECT] 
2026-07-23 21:02:29,439 [ERROR] LogOutputStream:74 - [STDERR_REDIRECT] [Fatal Error] :1:1: Premature end of file.
2026-07-23 21:02:29,439 [ERROR] LogOutputStream:74 - [STDERR_REDIRECT] 
2026-07-23 21:02:30,441 [ERROR] LogOutputStream:74 - [STDERR_REDIRECT] [Fatal Error] :1:1: Premature end of file.
2026-07-23 21:02:30,441 [ERROR] LogOutputStream:74 - [STDERR_REDIRECT] 
2026-07-23 21:02:31,428 [ERROR] LogOutputStream:74 - [STDERR_REDIRECT] [Fatal Error] :1:1: Premature end of file.
2026-07-23 21:02:31,429 [ERROR] LogOutputStream:74 - [STDERR_REDIRECT] 
2026-07-23 21:02:32,431 [ERROR] LogOutputStream:74 - [STDERR_REDIRECT] [Fatal Error] :1:1: Premature end of file.
2026-07-23 21:02:32,431 [ERROR] LogOutputStream:74 - [STDERR_REDIRECT] 
2026-07-23 21:02:33,437 [ERROR] LogOutputStream:74 - [STDERR_REDIRECT] [Fatal Error] :1:1: Premature end of file.
2026-07-23 21:02:33,437 [ERROR] LogOutputStream:74 - [STDERR_REDIRECT] 
2026-07-23 21:02:34,442 [ERROR] LogOutputStream:74 - [STDERR_REDIRECT] [Fatal Error] :1:1: Premature end of file.
2026-07-23 21:02:34,442 [ERROR] LogOutputStream:74 - [STDERR_REDIRECT] 
2026-07-23 21:02:35,436 [ERROR] LogOutputStream:74 - [STDERR_REDIRECT] [Fatal Error] :1:1: Premature end of file.
2026-07-23 21:02:35,437 [ERROR] LogOutputStream:74 - [STDERR_REDIRECT] 
2026-07-23 21:02:36,440 [ERROR] LogOutputStream:74 - [STDERR_REDIRECT] [Fatal Error] :1:1: Premature end of file.
2026-07-23 21:02:36,441 [ERROR] LogOutputStream:74 - [STDERR_REDIRECT] 
2026-07-23 21:02:37,443 [ERROR] LogOutputStream:74 - [STDERR_REDIRECT] [Fatal Error] :1:1: Premature end of file.
2026-07-23 21:02:37,444 [ERROR] LogOutputStream:74 - [STDERR_REDIRECT] 
2026-07-23 21:02:38,441 [ERROR] LogOutputStream:74 - [STDERR_REDIRECT] [Fatal Error] :1:1: Premature end of file.
2026-07-23 21:02:38,442 [ERROR] LogOutputStream:74 - [STDERR_REDIRECT] 
2026-07-23 21:02:39,436 [ERROR] LogOutputStream:74 - [STDERR_REDIRECT] [Fatal Error] :1:1: Premature end of file.
2026-07-23 21:02:39,436 [ERROR] LogOutputStream:74 - [STDERR_REDIRECT] 
2026-07-23 21:02:40,439 [ERROR] LogOutputStream:74 - [STDERR_REDIRECT] [Fatal Error] :1:1: Premature end of file.
2026-07-23 21:02:40,439 [ERROR] LogOutputStream:74 - [STDERR_REDIRECT] 
2026-07-23 21:02:41,437 [ERROR] LogOutputStream:74 - [STDERR_REDIRECT] [Fatal Error] :1:1: Premature end of file.
2026-07-23 21:02:41,437 [ERROR] LogOutputStream:74 - [STDERR_REDIRECT] 
2026-07-23 21:02:42,435 [ERROR] LogOutputStream:74 - [STDERR_REDIRECT] [Fatal Error] :1:1: Premature end of file.
2026-07-23 21:02:42,436 [ERROR] LogOutputStream:74 - [STDERR_REDIRECT] 
2026-07-23 21:02:43,431 [ERROR] LogOutputStream:74 - [STDERR_REDIRECT] [Fatal Error] :1:1: Premature end of file.
2026-07-23 21:02:43,431 [ERROR] LogOutputStream:74 - [STDERR_REDIRECT] 
2026-07-23 21:02:44,439 [ERROR] LogOutputStream:74 - [STDERR_REDIRECT] [Fatal Error] :1:1: Premature end of file.
2026-07-23 21:02:44,439 [ERROR] LogOutputStream:74 - [STDERR_REDIRECT] 
2026-07-23 21:02:45,443 [ERROR] LogOutputStream:74 - [STDERR_REDIRECT] [Fatal Error] :1:1: Premature end of file.
2026-07-23 21:02:45,443 [ERROR] LogOutputStream:74 - [STDERR_REDIRECT] 
2026-07-23 21:02:46,433 [ERROR] LogOutputStream:74 - [STDERR_REDIRECT] [Fatal Error] :1:1: Premature end of file.
2026-07-23 21:02:46,434 [ERROR] LogOutputStream:74 - [STDERR_REDIRECT] 
2026-07-23 21:02:47,440 [ERROR] LogOutputStream:74 - [STDERR_REDIRECT] [Fatal Error] :1:1: Premature end of file.
2026-07-23 21:02:47,440 [ERROR] LogOutputStream:74 - [STDERR_REDIRECT] 
2026-07-23 21:02:48,439 [ERROR] LogOutputStream:74 - [STDERR_REDIRECT] [Fatal Error] :1:1: Premature end of file.
2026-07-23 21:02:48,439 [ERROR] LogOutputStream:74 - [STDERR_REDIRECT] 
2026-07-23 21:02:49,436 [ERROR] LogOutputStream:74 - [STDERR_REDIRECT] [Fatal Error] :1:1: Premature end of file.
2026-07-23 21:02:49,436 [ERROR] LogOutputStream:74 - [STDERR_REDIRECT] 
2026-07-23 21:02:50,442 [ERROR] LogOutputStream:74 - [STDERR_REDIRECT] [Fatal Error] :1:1: Premature end of file.
2026-07-23 21:02:50,442 [ERROR] LogOutputStream:74 - [STDERR_REDIRECT] 
2026-07-23 21:02:51,432 [ERROR] LogOutputStream:74 - [STDERR_REDIRECT] [Fatal Error] :1:1: Premature end of file.
2026-07-23 21:02:51,432 [ERROR] LogOutputStream:74 - [STDERR_REDIRECT] 
2026-07-23 21:02:52,440 [ERROR] LogOutputStream:74 - [STDERR_REDIRECT] [Fatal Error] :1:1: Premature end of file.
2026-07-23 21:02:52,441 [ERROR] LogOutputStream:74 - [STDERR_REDIRECT] 
2026-07-23 21:02:53,441 [ERROR] LogOutputStream:74 - [STDERR_REDIRECT] [Fatal Error] :1:1: Premature end of file.
2026-07-23 21:02:53,441 [ERROR] LogOutputStream:74 - [STDERR_REDIRECT] 
2026-07-23 21:02:54,443 [ERROR] LogOutputStream:74 - [STDERR_REDIRECT] [Fatal Error] :1:1: Premature end of file.
2026-07-23 21:02:54,444 [ERROR] LogOutputStream:74 - [STDERR_REDIRECT] 
2026-07-23 21:02:55,427 [ERROR] LogOutputStream:74 - [STDERR_REDIRECT] [Fatal Error] :1:1: Premature end of file.
2026-07-23 21:02:55,427 [ERROR] LogOutputStream:74 - [STDERR_REDIRECT] 
2026-07-23 21:02:56,433 [ERROR] LogOutputStream:74 - [STDERR_REDIRECT] [Fatal Error] :1:1: Premature end of file.
2026-07-23 21:02:56,433 [ERROR] LogOutputStream:74 - [STDERR_REDIRECT] 
2026-07-23 21:02:57,443 [ERROR] LogOutputStream:74 - [STDERR_REDIRECT] [Fatal Error] :1:1: Premature end of file.
2026-07-23 21:02:57,443 [ERROR] LogOutputStream:74 - [STDERR_REDIRECT] 
2026-07-23 21:02:58,441 [ERROR] LogOutputStream:74 - [STDERR_REDIRECT] [Fatal Error] :1:1: Premature end of file.
2026-07-23 21:02:58,442 [ERROR] LogOutputStream:74 - [STDERR_REDIRECT] 
2026-07-23 21:02:59,442 [ERROR] LogOutputStream:74 - [STDERR_REDIRECT] [Fatal Error] :1:1: Premature end of file.
2026-07-23 21:02:59,442 [ERROR] LogOutputStream:74 - [STDERR_REDIRECT] 
2026-07-23 21:03:00,434 [ERROR] LogOutputStream:74 - [STDERR_REDIRECT] [Fatal Error] :1:1: Premature end of file.
2026-07-23 21:03:00,434 [ERROR] LogOutputStream:74 - [STDERR_REDIRECT] 
2026-07-23 21:03:01,430 [ERROR] LogOutputStream:74 - [STDERR_REDIRECT] [Fatal Error] :1:1: Premature end of file.
2026-07-23 21:03:01,431 [ERROR] LogOutputStream:74 - [STDERR_REDIRECT] 
2026-07-23 21:03:02,435 [ERROR] LogOutputStream:74 - [STDERR_REDIRECT] [Fatal Error] :1:1: Premature end of file.
2026-07-23 21:03:02,435 [ERROR] LogOutputStream:74 - [STDERR_REDIRECT] 
2026-07-23 21:03:03,438 [ERROR] LogOutputStream:74 - [STDERR_REDIRECT] [Fatal Error] :1:1: Premature end of file.
2026-07-23 21:03:03,438 [ERROR] LogOutputStream:74 - [STDERR_REDIRECT] 
2026-07-23 21:03:04,441 [ERROR] LogOutputStream:74 - [STDERR_REDIRECT] [Fatal Error] :1:1: Premature end of file.
2026-07-23 21:03:04,441 [ERROR] LogOutputStream:74 - [STDERR_REDIRECT] 
2026-07-23 21:03:05,443 [ERROR] LogOutputStream:74 - [STDERR_REDIRECT] [Fatal Error] :1:1: Premature end of file.
2026-07-23 21:03:05,443 [ERROR] LogOutputStream:74 - [STDERR_REDIRECT] 
2026-07-23 21:03:06,439 [ERROR] LogOutputStream:74 - [STDERR_REDIRECT] [Fatal Error] :1:1: Premature end of file.
2026-07-23 21:03:06,440 [ERROR] LogOutputStream:74 - [STDERR_REDIRECT] 
2026-07-23 21:03:07,433 [ERROR] LogOutputStream:74 - [STDERR_REDIRECT] [Fatal Error] :1:1: Premature end of file.
2026-07-23 21:03:07,433 [ERROR] LogOutputStream:74 - [STDERR_REDIRECT] 
2026-07-23 21:03:08,429 [ERROR] LogOutputStream:74 - [STDERR_REDIRECT] [Fatal Error] :1:1: Premature end of file.
2026-07-23 21:03:08,430 [ERROR] LogOutputStream:74 - [STDERR_REDIRECT] 
2026-07-23 21:03:09,440 [ERROR] LogOutputStream:74 - [STDERR_REDIRECT] [Fatal Error] :1:1: Premature end of file.
2026-07-23 21:03:09,441 [ERROR] LogOutputStream:74 - [STDERR_REDIRECT] 
2026-07-23 21:03:10,438 [ERROR] LogOutputStream:74 - [STDERR_REDIRECT] [Fatal Error] :1:1: Premature end of file.
2026-07-23 21:03:10,438 [ERROR] LogOutputStream:74 - [STDERR_REDIRECT] 
2026-07-23 21:03:11,435 [ERROR] LogOutputStream:74 - [STDERR_REDIRECT] [Fatal Error] :1:1: Premature end of file.
2026-07-23 21:03:11,435 [ERROR] LogOutputStream:74 - [STDERR_REDIRECT] 
2026-07-23 21:03:12,434 [ERROR] LogOutputStream:74 - [STDERR_REDIRECT] [Fatal Error] :1:1: Premature end of file.
2026-07-23 21:03:12,434 [ERROR] LogOutputStream:74 - [STDERR_REDIRECT] 
2026-07-23 21:03:13,431 [ERROR] LogOutputStream:74 - [STDERR_REDIRECT] [Fatal Error] :1:1: Premature end of file.
2026-07-23 21:03:13,431 [ERROR] LogOutputStream:74 - [STDERR_REDIRECT] 
2026-07-23 21:03:14,440 [ERROR] LogOutputStream:74 - [STDERR_REDIRECT] [Fatal Error] :1:1: Premature end of file.
2026-07-23 21:03:14,440 [ERROR] LogOutputStream:74 - [STDERR_REDIRECT] 
2026-07-23 21:03:15,428 [ERROR] LogOutputStream:74 - [STDERR_REDIRECT] [Fatal Error] :1:1: Premature end of file.
2026-07-23 21:03:15,428 [ERROR] LogOutputStream:74 - [STDERR_REDIRECT] 
2026-07-23 21:03:16,434 [ERROR] LogOutputStream:74 - [STDERR_REDIRECT] [Fatal Error] :1:1: Premature end of file.
2026-07-23 21:03:16,434 [ERROR] LogOutputStream:74 - [STDERR_REDIRECT] 
2026-07-23 21:03:17,445 [ERROR] LogOutputStream:74 - [STDERR_REDIRECT] [Fatal Error] :1:1: Premature end of file.
2026-07-23 21:03:17,445 [ERROR] LogOutputStream:74 - [STDERR_REDIRECT] 
2026-07-23 21:03:18,431 [ERROR] LogOutputStream:74 - [STDERR_REDIRECT] [Fatal Error] :1:1: Premature end of file.
2026-07-23 21:03:18,431 [ERROR] LogOutputStream:74 - [STDERR_REDIRECT] 
2026-07-23 21:03:19,439 [ERROR] LogOutputStream:74 - [STDERR_REDIRECT] [Fatal Error] :1:1: Premature end of file.
2026-07-23 21:03:19,439 [ERROR] LogOutputStream:74 - [STDERR_REDIRECT] 
2026-07-23 21:03:20,442 [ERROR] LogOutputStream:74 - [STDERR_REDIRECT] [Fatal Error] :1:1: Premature end of file.
2026-07-23 21:03:20,442 [ERROR] LogOutputStream:74 - [STDERR_REDIRECT] 
2026-07-23 21:03:21,430 [ERROR] LogOutputStream:74 - [STDERR_REDIRECT] [Fatal Error] :1:1: Premature end of file.
2026-07-23 21:03:21,430 [ERROR] LogOutputStream:74 - [STDERR_REDIRECT] 
2026-07-23 21:03:22,446 [ERROR] LogOutputStream:74 - [STDERR_REDIRECT] [Fatal Error] :1:1: Premature end of file.
2026-07-23 21:03:22,447 [ERROR] LogOutputStream:74 - [STDERR_REDIRECT] 
2026-07-23 21:03:23,446 [ERROR] LogOutputStream:74 - [STDERR_REDIRECT] [Fatal Error] :1:1: Premature end of file.
2026-07-23 21:03:23,446 [ERROR] LogOutputStream:74 - [STDERR_REDIRECT] 
2026-07-23 21:03:24,443 [ERROR] LogOutputStream:74 - [STDERR_REDIRECT] [Fatal Error] :1:1: Premature end of file.
2026-07-23 21:03:24,443 [ERROR] LogOutputStream:74 - [STDERR_REDIRECT] 
2026-07-23 21:03:25,440 [ERROR] LogOutputStream:74 - [STDERR_REDIRECT] [Fatal Error] :1:1: Premature end of file.
2026-07-23 21:03:25,441 [ERROR] LogOutputStream:74 - [STDERR_REDIRECT] 
2026-07-23 21:03:26,444 [ERROR] LogOutputStream:74 - [STDERR_REDIRECT] [Fatal Error] :1:1: Premature end of file.
2026-07-23 21:03:26,444 [ERROR] LogOutputStream:74 - [STDERR_REDIRECT] 
2026-07-23 21:03:27,435 [ERROR] LogOutputStream:74 - [STDERR_REDIRECT] [Fatal Error] :1:1: Premature end of file.
2026-07-23 21:03:27,436 [ERROR] LogOutputStream:74 - [STDERR_REDIRECT] 
2026-07-23 21:03:28,448 [ERROR] LogOutputStream:74 - [STDERR_REDIRECT] [Fatal Error] :1:1: Premature end of file.
2026-07-23 21:03:28,448 [ERROR] LogOutputStream:74 - [STDERR_REDIRECT] 
2026-07-23 21:03:29,436 [ERROR] LogOutputStream:74 - [STDERR_REDIRECT] [Fatal Error] :1:1: Premature end of file.
2026-07-23 21:03:29,437 [ERROR] LogOutputStream:74 - [STDERR_REDIRECT] 
2026-07-23 21:03:30,438 [ERROR] LogOutputStream:74 - [STDERR_REDIRECT] [Fatal Error] :1:1: Premature end of file.
2026-07-23 21:03:30,438 [ERROR] LogOutputStream:74 - [STDERR_REDIRECT] 
2026-07-23 21:03:31,430 [ERROR] LogOutputStream:74 - [STDERR_REDIRECT] [Fatal Error] :1:1: Premature end of file.
2026-07-23 21:03:31,430 [ERROR] LogOutputStream:74 - [STDERR_REDIRECT] 
2026-07-23 21:03:32,435 [ERROR] LogOutputStream:74 - [STDERR_REDIRECT] [Fatal Error] :1:1: Premature end of file.
2026-07-23 21:03:32,436 [ERROR] LogOutputStream:74 - [STDERR_REDIRECT] 
2026-07-23 21:03:33,448 [ERROR] LogOutputStream:74 - [STDERR_REDIRECT] [Fatal Error] :1:1: Premature end of file.
2026-07-23 21:03:33,449 [ERROR] LogOutputStream:74 - [STDERR_REDIRECT] 
2026-07-23 21:03:34,456 [ERROR] LogOutputStream:74 - [STDERR_REDIRECT] [Fatal Error] :1:1: Premature end of file.
2026-07-23 21:03:34,457 [ERROR] LogOutputStream:74 - [STDERR_REDIRECT] 
2026-07-23 21:03:35,436 [ERROR] LogOutputStream:74 - [STDERR_REDIRECT] [Fatal Error] :1:1: Premature end of file.
2026-07-23 21:03:35,436 [ERROR] LogOutputStream:74 - [STDERR_REDIRECT] 
2026-07-23 21:03:36,436 [ERROR] LogOutputStream:74 - [STDERR_REDIRECT] [Fatal Error] :1:1: Premature end of file.
2026-07-23 21:03:36,436 [ERROR] LogOutputStream:74 - [STDERR_REDIRECT] 
2026-07-23 21:03:37,432 [ERROR] LogOutputStream:74 - [STDERR_REDIRECT] [Fatal Error] :1:1: Premature end of file.
2026-07-23 21:03:37,432 [ERROR] LogOutputStream:74 - [STDERR_REDIRECT] 
2026-07-23 21:03:38,434 [ERROR] LogOutputStream:74 - [STDERR_REDIRECT] [Fatal Error] :1:1: Premature end of file.
2026-07-23 21:03:38,434 [ERROR] LogOutputStream:74 - [STDERR_REDIRECT] 
2026-07-23 21:03:39,431 [ERROR] LogOutputStream:74 - [STDERR_REDIRECT] [Fatal Error] :1:1: Premature end of file.
2026-07-23 21:03:39,431 [ERROR] LogOutputStream:74 - [STDERR_REDIRECT] 
2026-07-23 21:03:40,428 [ERROR] LogOutputStream:74 - [STDERR_REDIRECT] [Fatal Error] :1:1: Premature end of file.
2026-07-23 21:03:40,429 [ERROR] LogOutputStream:74 - [STDERR_REDIRECT] 
2026-07-23 21:03:41,434 [ERROR] LogOutputStream:74 - [STDERR_REDIRECT] [Fatal Error] :1:1: Premature end of file.
2026-07-23 21:03:41,435 [ERROR] LogOutputStream:74 - [STDERR_REDIRECT] 
2026-07-23 21:03:42,441 [ERROR] LogOutputStream:74 - [STDERR_REDIRECT] [Fatal Error] :1:1: Premature end of file.
2026-07-23 21:03:42,442 [ERROR] LogOutputStream:74 - [STDERR_REDIRECT] 
2026-07-23 21:03:43,437 [ERROR] LogOutputStream:74 - [STDERR_REDIRECT] [Fatal Error] :1:1: Premature end of file.
2026-07-23 21:03:43,438 [ERROR] LogOutputStream:74 - [STDERR_REDIRECT] 
2026-07-23 21:03:44,445 [ERROR] LogOutputStream:74 - [STDERR_REDIRECT] [Fatal Error] :1:1: Premature end of file.
2026-07-23 21:03:44,445 [ERROR] LogOutputStream:74 - [STDERR_REDIRECT] 
2026-07-23 21:03:45,437 [ERROR] LogOutputStream:74 - [STDERR_REDIRECT] [Fatal Error] :1:1: Premature end of file.
2026-07-23 21:03:45,437 [ERROR] LogOutputStream:74 - [STDERR_REDIRECT] 
2026-07-23 21:03:46,440 [ERROR] LogOutputStream:74 - [STDERR_REDIRECT] [Fatal Error] :1:1: Premature end of file.
2026-07-23 21:03:46,440 [ERROR] LogOutputStream:74 - [STDERR_REDIRECT] 
2026-07-23 21:03:47,428 [ERROR] LogOutputStream:74 - [STDERR_REDIRECT] [Fatal Error] :1:1: Premature end of file.
2026-07-23 21:03:47,428 [ERROR] LogOutputStream:74 - [STDERR_REDIRECT] 
2026-07-23 21:03:48,432 [ERROR] LogOutputStream:74 - [STDERR_REDIRECT] [Fatal Error] :1:1: Premature end of file.
2026-07-23 21:03:48,433 [ERROR] LogOutputStream:74 - [STDERR_REDIRECT] 
2026-07-23 21:03:49,444 [ERROR] LogOutputStream:74 - [STDERR_REDIRECT] [Fatal Error] :1:1: Premature end of file.
2026-07-23 21:03:49,445 [ERROR] LogOutputStream:74 - [STDERR_REDIRECT] 
2026-07-23 21:03:50,445 [ERROR] LogOutputStream:74 - [STDERR_REDIRECT] [Fatal Error] :1:1: Premature end of file.
2026-07-23 21:03:50,445 [ERROR] LogOutputStream:74 - [STDERR_REDIRECT] 
2026-07-23 21:03:51,441 [ERROR] LogOutputStream:74 - [STDERR_REDIRECT] [Fatal Error] :1:1: Premature end of file.
2026-07-23 21:03:51,442 [ERROR] LogOutputStream:74 - [STDERR_REDIRECT] 
2026-07-23 21:03:52,443 [ERROR] LogOutputStream:74 - [STDERR_REDIRECT] [Fatal Error] :1:1: Premature end of file.
2026-07-23 21:03:52,443 [ERROR] LogOutputStream:74 - [STDERR_REDIRECT] 
2026-07-23 21:03:53,440 [ERROR] LogOutputStream:74 - [STDERR_REDIRECT] [Fatal Error] :1:1: Premature end of file.
2026-07-23 21:03:53,440 [ERROR] LogOutputStream:74 - [STDERR_REDIRECT] 
2026-07-23 21:03:54,432 [ERROR] LogOutputStream:74 - [STDERR_REDIRECT] [Fatal Error] :1:1: Premature end of file.
2026-07-23 21:03:54,432 [ERROR] LogOutputStream:74 - [STDERR_REDIRECT] 
2026-07-23 21:03:55,430 [ERROR] LogOutputStream:74 - [STDERR_REDIRECT] [Fatal Error] :1:1: Premature end of file.
2026-07-23 21:03:55,430 [ERROR] LogOutputStream:74 - [STDERR_REDIRECT] 
2026-07-23 21:03:56,431 [ERROR] LogOutputStream:74 - [STDERR_REDIRECT] [Fatal Error] :1:1: Premature end of file.
2026-07-23 21:03:56,431 [ERROR] LogOutputStream:74 - [STDERR_REDIRECT] 
2026-07-23 21:03:57,440 [ERROR] LogOutputStream:74 - [STDERR_REDIRECT] [Fatal Error] :1:1: Premature end of file.
2026-07-23 21:03:57,440 [ERROR] LogOutputStream:74 - [STDERR_REDIRECT] 
2026-07-23 21:03:58,439 [ERROR] LogOutputStream:74 - [STDERR_REDIRECT] [Fatal Error] :1:1: Premature end of file.
2026-07-23 21:03:58,439 [ERROR] LogOutputStream:74 - [STDERR_REDIRECT] 
2026-07-23 21:03:59,430 [ERROR] LogOutputStream:74 - [STDERR_REDIRECT] [Fatal Error] :1:1: Premature end of file.
2026-07-23 21:03:59,431 [ERROR] LogOutputStream:74 - [STDERR_REDIRECT] 
2026-07-23 21:04:00,448 [ERROR] LogOutputStream:74 - [STDERR_REDIRECT] [Fatal Error] :1:1: Premature end of file.
2026-07-23 21:04:00,448 [ERROR] LogOutputStream:74 - [STDERR_REDIRECT] 
2026-07-23 21:04:01,440 [ERROR] LogOutputStream:74 - [STDERR_REDIRECT] [Fatal Error] :1:1: Premature end of file.
2026-07-23 21:04:01,440 [ERROR] LogOutputStream:74 - [STDERR_REDIRECT] 
2026-07-23 21:04:02,439 [ERROR] LogOutputStream:74 - [STDERR_REDIRECT] [Fatal Error] :1:1: Premature end of file.
2026-07-23 21:04:02,439 [ERROR] LogOutputStream:74 - [STDERR_REDIRECT] 
2026-07-23 21:04:03,439 [ERROR] LogOutputStream:74 - [STDERR_REDIRECT] [Fatal Error] :1:1: Premature end of file.
2026-07-23 21:04:03,439 [ERROR] LogOutputStream:74 - [STDERR_REDIRECT] 
2026-07-23 21:04:04,440 [ERROR] LogOutputStream:74 - [STDERR_REDIRECT] [Fatal Error] :1:1: Premature end of file.
2026-07-23 21:04:04,441 [ERROR] LogOutputStream:74 - [STDERR_REDIRECT] 
2026-07-23 21:04:05,434 [ERROR] LogOutputStream:74 - [STDERR_REDIRECT] [Fatal Error] :1:1: Premature end of file.
2026-07-23 21:04:05,434 [ERROR] LogOutputStream:74 - [STDERR_REDIRECT] 
2026-07-23 21:04:06,440 [ERROR] LogOutputStream:74 - [STDERR_REDIRECT] [Fatal Error] :1:1: Premature end of file.
2026-07-23 21:04:06,440 [ERROR] LogOutputStream:74 - [STDERR_REDIRECT] 
2026-07-23 21:04:07,432 [ERROR] LogOutputStream:74 - [STDERR_REDIRECT] [Fatal Error] :1:1: Premature end of file.
2026-07-23 21:04:07,433 [ERROR] LogOutputStream:74 - [STDERR_REDIRECT] 
2026-07-23 21:04:08,430 [ERROR] LogOutputStream:74 - [STDERR_REDIRECT] [Fatal Error] :1:1: Premature end of file.
2026-07-23 21:04:08,430 [ERROR] LogOutputStream:74 - [STDERR_REDIRECT] 
2026-07-23 21:04:09,426 [ERROR] LogOutputStream:74 - [STDERR_REDIRECT] [Fatal Error] :1:1: Premature end of file.
2026-07-23 21:04:09,426 [ERROR] LogOutputStream:74 - [STDERR_REDIRECT] 
2026-07-23 21:04:10,428 [ERROR] LogOutputStream:74 - [STDERR_REDIRECT] [Fatal Error] :1:1: Premature end of file.
2026-07-23 21:04:10,428 [ERROR] LogOutputStream:74 - [STDERR_REDIRECT] 
2026-07-23 21:04:11,432 [ERROR] LogOutputStream:74 - [STDERR_REDIRECT] [Fatal Error] :1:1: Premature end of file.
2026-07-23 21:04:11,432 [ERROR] LogOutputStream:74 - [STDERR_REDIRECT] 
2026-07-23 21:04:12,429 [ERROR] LogOutputStream:74 - [STDERR_REDIRECT] [Fatal Error] :1:1: Premature end of file.
2026-07-23 21:04:12,429 [ERROR] LogOutputStream:74 - [STDERR_REDIRECT] 
2026-07-23 21:04:13,443 [ERROR] LogOutputStream:74 - [STDERR_REDIRECT] [Fatal Error] :1:1: Premature end of file.
2026-07-23 21:04:13,443 [ERROR] LogOutputStream:74 - [STDERR_REDIRECT] 
2026-07-23 21:04:14,436 [ERROR] LogOutputStream:74 - [STDERR_REDIRECT] [Fatal Error] :1:1: Premature end of file.
2026-07-23 21:04:14,436 [ERROR] LogOutputStream:74 - [STDERR_REDIRECT] 
2026-07-23 21:04:15,442 [ERROR] LogOutputStream:74 - [STDERR_REDIRECT] [Fatal Error] :1:1: Premature end of file.
2026-07-23 21:04:15,442 [ERROR] LogOutputStream:74 - [STDERR_REDIRECT] 
2026-07-23 21:04:16,427 [ERROR] LogOutputStream:74 - [STDERR_REDIRECT] [Fatal Error] :1:1: Premature end of file.
2026-07-23 21:04:16,427 [ERROR] LogOutputStream:74 - [STDERR_REDIRECT] 
2026-07-23 21:04:17,427 [ERROR] LogOutputStream:74 - [STDERR_REDIRECT] [Fatal Error] :1:1: Premature end of file.
2026-07-23 21:04:17,427 [ERROR] LogOutputStream:74 - [STDERR_REDIRECT] 
2026-07-23 21:04:18,440 [ERROR] LogOutputStream:74 - [STDERR_REDIRECT] [Fatal Error] :1:1: Premature end of file.
2026-07-23 21:04:18,440 [ERROR] LogOutputStream:74 - [STDERR_REDIRECT] 
2026-07-23 21:04:19,428 [ERROR] LogOutputStream:74 - [STDERR_REDIRECT] [Fatal Error] :1:1: Premature end of file.
2026-07-23 21:04:19,428 [ERROR] LogOutputStream:74 - [STDERR_REDIRECT] 
2026-07-23 21:04:20,429 [ERROR] LogOutputStream:74 - [STDERR_REDIRECT] [Fatal Error] :1:1: Premature end of file.
2026-07-23 21:04:20,430 [ERROR] LogOutputStream:74 - [STDERR_REDIRECT] 
2026-07-23 21:04:21,443 [ERROR] LogOutputStream:74 - [STDERR_REDIRECT] [Fatal Error] :1:1: Premature end of file.
2026-07-23 21:04:21,443 [ERROR] LogOutputStream:74 - [STDERR_REDIRECT] 
2026-07-23 21:04:22,438 [ERROR] LogOutputStream:74 - [STDERR_REDIRECT] [Fatal Error] :1:1: Premature end of file.
2026-07-23 21:04:22,438 [ERROR] LogOutputStream:74 - [STDERR_REDIRECT] 
2026-07-23 21:04:23,437 [ERROR] LogOutputStream:74 - [STDERR_REDIRECT] [Fatal Error] :1:1: Premature end of file.
2026-07-23 21:04:23,437 [ERROR] LogOutputStream:74 - [STDERR_REDIRECT] 
2026-07-23 21:04:24,438 [ERROR] LogOutputStream:74 - [STDERR_REDIRECT] [Fatal Error] :1:1: Premature end of file.
2026-07-23 21:04:24,438 [ERROR] LogOutputStream:74 - [STDERR_REDIRECT] 
2026-07-23 21:04:25,439 [ERROR] LogOutputStream:74 - [STDERR_REDIRECT] [Fatal Error] :1:1: Premature end of file.
2026-07-23 21:04:25,439 [ERROR] LogOutputStream:74 - [STDERR_REDIRECT] 
2026-07-23 21:04:26,440 [ERROR] LogOutputStream:74 - [STDERR_REDIRECT] [Fatal Error] :1:1: Premature end of file.
2026-07-23 21:04:26,440 [ERROR] LogOutputStream:74 - [STDERR_REDIRECT] 
2026-07-23 21:04:27,439 [ERROR] LogOutputStream:74 - [STDERR_REDIRECT] [Fatal Error] :1:1: Premature end of file.
2026-07-23 21:04:27,439 [ERROR] LogOutputStream:74 - [STDERR_REDIRECT] 
2026-07-23 21:04:28,429 [ERROR] LogOutputStream:74 - [STDERR_REDIRECT] [Fatal Error] :1:1: Premature end of file.
2026-07-23 21:04:28,429 [ERROR] LogOutputStream:74 - [STDERR_REDIRECT] 
2026-07-23 21:04:29,432 [ERROR] LogOutputStream:74 - [STDERR_REDIRECT] [Fatal Error] :1:1: Premature end of file.
2026-07-23 21:04:29,432 [ERROR] LogOutputStream:74 - [STDERR_REDIRECT] 
2026-07-23 21:04:30,433 [ERROR] LogOutputStream:74 - [STDERR_REDIRECT] [Fatal Error] :1:1: Premature end of file.
2026-07-23 21:04:30,434 [ERROR] LogOutputStream:74 - [STDERR_REDIRECT] 
2026-07-23 21:04:31,429 [ERROR] LogOutputStream:74 - [STDERR_REDIRECT] [Fatal Error] :1:1: Premature end of file.
2026-07-23 21:04:31,429 [ERROR] LogOutputStream:74 - [STDERR_REDIRECT] 
2026-07-23 21:04:32,431 [ERROR] LogOutputStream:74 - [STDERR_REDIRECT] [Fatal Error] :1:1: Premature end of file.
2026-07-23 21:04:32,431 [ERROR] LogOutputStream:74 - [STDERR_REDIRECT] 
2026-07-23 21:04:33,438 [ERROR] LogOutputStream:74 - [STDERR_REDIRECT] [Fatal Error] :1:1: Premature end of file.
2026-07-23 21:04:33,439 [ERROR] LogOutputStream:74 - [STDERR_REDIRECT] 
2026-07-23 21:04:34,445 [ERROR] LogOutputStream:74 - [STDERR_REDIRECT] [Fatal Error] :1:1: Premature end of file.
2026-07-23 21:04:34,445 [ERROR] LogOutputStream:74 - [STDERR_REDIRECT] 
2026-07-23 21:04:35,447 [ERROR] LogOutputStream:74 - [STDERR_REDIRECT] [Fatal Error] :1:1: Premature end of file.
2026-07-23 21:04:35,447 [ERROR] LogOutputStream:74 - [STDERR_REDIRECT] 
2026-07-23 21:04:36,430 [ERROR] LogOutputStream:74 - [STDERR_REDIRECT] [Fatal Error] :1:1: Premature end of file.
2026-07-23 21:04:36,430 [ERROR] LogOutputStream:74 - [STDERR_REDIRECT] 
2026-07-23 21:04:37,435 [ERROR] LogOutputStream:74 - [STDERR_REDIRECT] [Fatal Error] :1:1: Premature end of file.
2026-07-23 21:04:37,436 [ERROR] LogOutputStream:74 - [STDERR_REDIRECT] 
2026-07-23 21:04:38,438 [ERROR] LogOutputStream:74 - [STDERR_REDIRECT] [Fatal Error] :1:1: Premature end of file.
2026-07-23 21:04:38,438 [ERROR] LogOutputStream:74 - [STDERR_REDIRECT] 
2026-07-23 21:04:39,440 [ERROR] LogOutputStream:74 - [STDERR_REDIRECT] [Fatal Error] :1:1: Premature end of file.
2026-07-23 21:04:39,440 [ERROR] LogOutputStream:74 - [STDERR_REDIRECT] 
2026-07-23 21:04:40,437 [ERROR] LogOutputStream:74 - [STDERR_REDIRECT] [Fatal Error] :1:1: Premature end of file.
2026-07-23 21:04:40,437 [ERROR] LogOutputStream:74 - [STDERR_REDIRECT] 
2026-07-23 21:04:41,440 [ERROR] LogOutputStream:74 - [STDERR_REDIRECT] [Fatal Error] :1:1: Premature end of file.
2026-07-23 21:04:41,440 [ERROR] LogOutputStream:74 - [STDERR_REDIRECT] 
2026-07-23 21:04:42,433 [ERROR] LogOutputStream:74 - [STDERR_REDIRECT] [Fatal Error] :1:1: Premature end of file.
2026-07-23 21:04:42,434 [ERROR] LogOutputStream:74 - [STDERR_REDIRECT] 
2026-07-23 21:04:43,432 [ERROR] LogOutputStream:74 - [STDERR_REDIRECT] [Fatal Error] :1:1: Premature end of file.
2026-07-23 21:04:43,433 [ERROR] LogOutputStream:74 - [STDERR_REDIRECT] 
2026-07-23 21:04:44,432 [ERROR] LogOutputStream:74 - [STDERR_REDIRECT] [Fatal Error] :1:1: Premature end of file.
2026-07-23 21:04:44,432 [ERROR] LogOutputStream:74 - [STDERR_REDIRECT] 
2026-07-23 21:04:45,430 [ERROR] LogOutputStream:74 - [STDERR_REDIRECT] [Fatal Error] :1:1: Premature end of file.
2026-07-23 21:04:45,431 [ERROR] LogOutputStream:74 - [STDERR_REDIRECT] 
2026-07-23 21:04:46,438 [ERROR] LogOutputStream:74 - [STDERR_REDIRECT] [Fatal Error] :1:1: Premature end of file.
2026-07-23 21:04:46,438 [ERROR] LogOutputStream:74 - [STDERR_REDIRECT] 
2026-07-23 21:04:47,432 [ERROR] LogOutputStream:74 - [STDERR_REDIRECT] [Fatal Error] :1:1: Premature end of file.
2026-07-23 21:04:47,433 [ERROR] LogOutputStream:74 - [STDERR_REDIRECT] 
2026-07-23 21:04:48,446 [ERROR] LogOutputStream:74 - [STDERR_REDIRECT] [Fatal Error] :1:1: Premature end of file.
2026-07-23 21:04:48,447 [ERROR] LogOutputStream:74 - [STDERR_REDIRECT] 
2026-07-23 21:04:49,445 [ERROR] LogOutputStream:74 - [STDERR_REDIRECT] [Fatal Error] :1:1: Premature end of file.
2026-07-23 21:04:49,445 [ERROR] LogOutputStream:74 - [STDERR_REDIRECT] 
2026-07-23 21:04:50,437 [ERROR] LogOutputStream:74 - [STDERR_REDIRECT] [Fatal Error] :1:1: Premature end of file.
2026-07-23 21:04:50,438 [ERROR] LogOutputStream:74 - [STDERR_REDIRECT] 
2026-07-23 21:04:51,444 [ERROR] LogOutputStream:74 - [STDERR_REDIRECT] [Fatal Error] :1:1: Premature end of file.
2026-07-23 21:04:51,444 [ERROR] LogOutputStream:74 - [STDERR_REDIRECT] 
2026-07-23 21:04:52,439 [ERROR] LogOutputStream:74 - [STDERR_REDIRECT] [Fatal Error] :1:1: Premature end of file.
2026-07-23 21:04:52,439 [ERROR] LogOutputStream:74 - [STDERR_REDIRECT] 
2026-07-23 21:04:53,434 [ERROR] LogOutputStream:74 - [STDERR_REDIRECT] [Fatal Error] :1:1: Premature end of file.
2026-07-23 21:04:53,435 [ERROR] LogOutputStream:74 - [STDERR_REDIRECT] 
2026-07-23 21:04:54,436 [ERROR] LogOutputStream:74 - [STDERR_REDIRECT] [Fatal Error] :1:1: Premature end of file.
2026-07-23 21:04:54,436 [ERROR] LogOutputStream:74 - [STDERR_REDIRECT] 
2026-07-23 21:04:55,433 [ERROR] LogOutputStream:74 - [STDERR_REDIRECT] [Fatal Error] :1:1: Premature end of file.
2026-07-23 21:04:55,433 [ERROR] LogOutputStream:74 - [STDERR_REDIRECT] 
2026-07-23 21:04:56,457 [ERROR] LogOutputStream:74 - [STDERR_REDIRECT] [Fatal Error] :1:1: Premature end of file.
2026-07-23 21:04:56,457 [ERROR] LogOutputStream:74 - [STDERR_REDIRECT] 
2026-07-23 21:04:57,445 [ERROR] LogOutputStream:74 - [STDERR_REDIRECT] [Fatal Error] :1:1: Premature end of file.
2026-07-23 21:04:57,445 [ERROR] LogOutputStream:74 - [STDERR_REDIRECT] 
2026-07-23 21:04:58,446 [ERROR] LogOutputStream:74 - [STDERR_REDIRECT] [Fatal Error] :1:1: Premature end of file.
2026-07-23 21:04:58,447 [ERROR] LogOutputStream:74 - [STDERR_REDIRECT] 
2026-07-23 21:04:59,442 [ERROR] LogOutputStream:74 - [STDERR_REDIRECT] [Fatal Error] :1:1: Premature end of file.
2026-07-23 21:04:59,442 [ERROR] LogOutputStream:74 - [STDERR_REDIRECT] 
2026-07-23 21:05:00,446 [ERROR] LogOutputStream:74 - [STDERR_REDIRECT] [Fatal Error] :1:1: Premature end of file.
2026-07-23 21:05:00,446 [ERROR] LogOutputStream:74 - [STDERR_REDIRECT] 
2026-07-23 21:05:01,458 [ERROR] LogOutputStream:74 - [STDERR_REDIRECT] [Fatal Error] :1:1: Premature end of file.
2026-07-23 21:05:01,458 [ERROR] LogOutputStream:74 - [STDERR_REDIRECT] 
2026-07-23 21:05:02,444 [ERROR] LogOutputStream:74 - [STDERR_REDIRECT] [Fatal Error] :1:1: Premature end of file.
2026-07-23 21:05:02,445 [ERROR] LogOutputStream:74 - [STDERR_REDIRECT] 
2026-07-23 21:05:03,450 [ERROR] LogOutputStream:74 - [STDERR_REDIRECT] [Fatal Error] :1:1: Premature end of file.
2026-07-23 21:05:03,450 [ERROR] LogOutputStream:74 - [STDERR_REDIRECT] 
2026-07-23 21:05:04,432 [ERROR] LogOutputStream:74 - [STDERR_REDIRECT] [Fatal Error] :1:1: Premature end of file.
2026-07-23 21:05:04,432 [ERROR] LogOutputStream:74 - [STDERR_REDIRECT] 
2026-07-23 21:05:05,447 [ERROR] LogOutputStream:74 - [STDERR_REDIRECT] [Fatal Error] :1:1: Premature end of file.
2026-07-23 21:05:05,447 [ERROR] LogOutputStream:74 - [STDERR_REDIRECT] 
2026-07-23 21:05:06,432 [ERROR] LogOutputStream:74 - [STDERR_REDIRECT] [Fatal Error] :1:1: Premature end of file.
2026-07-23 21:05:06,432 [ERROR] LogOutputStream:74 - [STDERR_REDIRECT] 
2026-07-23 21:05:07,449 [ERROR] LogOutputStream:74 - [STDERR_REDIRECT] [Fatal Error] :1:1: Premature end of file.
2026-07-23 21:05:07,450 [ERROR] LogOutputStream:74 - [STDERR_REDIRECT] 
2026-07-23 21:05:08,452 [ERROR] LogOutputStream:74 - [STDERR_REDIRECT] [Fatal Error] :1:1: Premature end of file.
2026-07-23 21:05:08,452 [ERROR] LogOutputStream:74 - [STDERR_REDIRECT] 
2026-07-23 21:05:09,444 [ERROR] LogOutputStream:74 - [STDERR_REDIRECT] [Fatal Error] :1:1: Premature end of file.
2026-07-23 21:05:09,444 [ERROR] LogOutputStream:74 - [STDERR_REDIRECT] 
2026-07-23 21:05:10,433 [ERROR] LogOutputStream:74 - [STDERR_REDIRECT] [Fatal Error] :1:1: Premature end of file.
2026-07-23 21:05:10,433 [ERROR] LogOutputStream:74 - [STDERR_REDIRECT] 
2026-07-23 21:05:11,433 [ERROR] LogOutputStream:74 - [STDERR_REDIRECT] [Fatal Error] :1:1: Premature end of file.
2026-07-23 21:05:11,433 [ERROR] LogOutputStream:74 - [STDERR_REDIRECT] 
2026-07-23 21:05:12,445 [ERROR] LogOutputStream:74 - [STDERR_REDIRECT] [Fatal Error] :1:1: Premature end of file.
2026-07-23 21:05:12,446 [ERROR] LogOutputStream:74 - [STDERR_REDIRECT] 
2026-07-23 21:05:13,447 [ERROR] LogOutputStream:74 - [STDERR_REDIRECT] [Fatal Error] :1:1: Premature end of file.
2026-07-23 21:05:13,447 [ERROR] LogOutputStream:74 - [STDERR_REDIRECT] 
2026-07-23 21:05:14,442 [ERROR] LogOutputStream:74 - [STDERR_REDIRECT] [Fatal Error] :1:1: Premature end of file.
2026-07-23 21:05:14,442 [ERROR] LogOutputStream:74 - [STDERR_REDIRECT] 
2026-07-23 21:05:15,446 [ERROR] LogOutputStream:74 - [STDERR_REDIRECT] [Fatal Error] :1:1: Premature end of file.
2026-07-23 21:05:15,447 [ERROR] LogOutputStream:74 - [STDERR_REDIRECT] 
2026-07-23 21:05:16,442 [ERROR] LogOutputStream:74 - [STDERR_REDIRECT] [Fatal Error] :1:1: Premature end of file.
2026-07-23 21:05:16,442 [ERROR] LogOutputStream:74 - [STDERR_REDIRECT] 
2026-07-23 21:05:17,435 [ERROR] LogOutputStream:74 - [STDERR_REDIRECT] [Fatal Error] :1:1: Premature end of file.
2026-07-23 21:05:17,435 [ERROR] LogOutputStream:74 - [STDERR_REDIRECT] 
2026-07-23 21:05:18,432 [ERROR] LogOutputStream:74 - [STDERR_REDIRECT] [Fatal Error] :1:1: Premature end of file.
2026-07-23 21:05:18,432 [ERROR] LogOutputStream:74 - [STDERR_REDIRECT] 
2026-07-23 21:05:19,456 [ERROR] LogOutputStream:74 - [STDERR_REDIRECT] [Fatal Error] :1:1: Premature end of file.
2026-07-23 21:05:19,457 [ERROR] LogOutputStream:74 - [STDERR_REDIRECT] 
2026-07-23 21:05:20,440 [ERROR] LogOutputStream:74 - [STDERR_REDIRECT] [Fatal Error] :1:1: Premature end of file.
2026-07-23 21:05:20,441 [ERROR] LogOutputStream:74 - [STDERR_REDIRECT] 
2026-07-23 21:05:21,436 [ERROR] LogOutputStream:74 - [STDERR_REDIRECT] [Fatal Error] :1:1: Premature end of file.
2026-07-23 21:05:21,436 [ERROR] LogOutputStream:74 - [STDERR_REDIRECT] 
2026-07-23 21:05:22,439 [ERROR] LogOutputStream:74 - [STDERR_REDIRECT] [Fatal Error] :1:1: Premature end of file.
2026-07-23 21:05:22,440 [ERROR] LogOutputStream:74 - [STDERR_REDIRECT] 
2026-07-23 21:05:23,432 [ERROR] LogOutputStream:74 - [STDERR_REDIRECT] [Fatal Error] :1:1: Premature end of file.
2026-07-23 21:05:23,432 [ERROR] LogOutputStream:74 - [STDERR_REDIRECT] 
2026-07-23 21:05:24,428 [ERROR] LogOutputStream:74 - [STDERR_REDIRECT] [Fatal Error] :1:1: Premature end of file.
2026-07-23 21:05:24,429 [ERROR] LogOutputStream:74 - [STDERR_REDIRECT] 
2026-07-23 21:05:25,431 [ERROR] LogOutputStream:74 - [STDERR_REDIRECT] [Fatal Error] :1:1: Premature end of file.
2026-07-23 21:05:25,432 [ERROR] LogOutputStream:74 - [STDERR_REDIRECT] 
2026-07-23 21:05:26,444 [ERROR] LogOutputStream:74 - [STDERR_REDIRECT] [Fatal Error] :1:1: Premature end of file.
2026-07-23 21:05:26,444 [ERROR] LogOutputStream:74 - [STDERR_REDIRECT] 
2026-07-23 21:05:27,441 [ERROR] LogOutputStream:74 - [STDERR_REDIRECT] [Fatal Error] :1:1: Premature end of file.
2026-07-23 21:05:27,441 [ERROR] LogOutputStream:74 - [STDERR_REDIRECT] 
2026-07-23 21:05:28,443 [ERROR] LogOutputStream:74 - [STDERR_REDIRECT] [Fatal Error] :1:1: Premature end of file.
2026-07-23 21:05:28,443 [ERROR] LogOutputStream:74 - [STDERR_REDIRECT] 
2026-07-23 21:05:29,443 [ERROR] LogOutputStream:74 - [STDERR_REDIRECT] [Fatal Error] :1:1: Premature end of file.
2026-07-23 21:05:29,443 [ERROR] LogOutputStream:74 - [STDERR_REDIRECT] 
2026-07-23 21:05:30,440 [ERROR] LogOutputStream:74 - [STDERR_REDIRECT] [Fatal Error] :1:1: Premature end of file.
2026-07-23 21:05:30,441 [ERROR] LogOutputStream:74 - [STDERR_REDIRECT] 
2026-07-23 21:05:31,439 [ERROR] LogOutputStream:74 - [STDERR_REDIRECT] [Fatal Error] :1:1: Premature end of file.
2026-07-23 21:05:31,440 [ERROR] LogOutputStream:74 - [STDERR_REDIRECT] 
2026-07-23 21:05:32,441 [ERROR] LogOutputStream:74 - [STDERR_REDIRECT] [Fatal Error] :1:1: Premature end of file.
2026-07-23 21:05:32,441 [ERROR] LogOutputStream:74 - [STDERR_REDIRECT] 
2026-07-23 21:05:33,441 [ERROR] LogOutputStream:74 - [STDERR_REDIRECT] [Fatal Error] :1:1: Premature end of file.
2026-07-23 21:05:33,441 [ERROR] LogOutputStream:74 - [STDERR_REDIRECT] 
2026-07-23 21:05:34,438 [ERROR] LogOutputStream:74 - [STDERR_REDIRECT] [Fatal Error] :1:1: Premature end of file.
2026-07-23 21:05:34,438 [ERROR] LogOutputStream:74 - [STDERR_REDIRECT] 
2026-07-23 21:05:35,430 [ERROR] LogOutputStream:74 - [STDERR_REDIRECT] [Fatal Error] :1:1: Premature end of file.
2026-07-23 21:05:35,430 [ERROR] LogOutputStream:74 - [STDERR_REDIRECT] 
2026-07-23 21:05:36,443 [ERROR] LogOutputStream:74 - [STDERR_REDIRECT] [Fatal Error] :1:1: Premature end of file.
2026-07-23 21:05:36,444 [ERROR] LogOutputStream:74 - [STDERR_REDIRECT] 
2026-07-23 21:05:37,438 [ERROR] LogOutputStream:74 - [STDERR_REDIRECT] [Fatal Error] :1:1: Premature end of file.
2026-07-23 21:05:37,438 [ERROR] LogOutputStream:74 - [STDERR_REDIRECT] 
2026-07-23 21:05:38,463 [ERROR] LogOutputStream:74 - [STDERR_REDIRECT] [Fatal Error] :1:1: Premature end of file.
2026-07-23 21:05:38,463 [ERROR] LogOutputStream:74 - [STDERR_REDIRECT] 
2026-07-23 21:05:39,461 [ERROR] LogOutputStream:74 - [STDERR_REDIRECT] [Fatal Error] :1:1: Premature end of file.
2026-07-23 21:05:39,461 [ERROR] LogOutputStream:74 - [STDERR_REDIRECT] 
2026-07-23 21:05:40,445 [ERROR] LogOutputStream:74 - [STDERR_REDIRECT] [Fatal Error] :1:1: Premature end of file.
2026-07-23 21:05:40,445 [ERROR] LogOutputStream:74 - [STDERR_REDIRECT] 
2026-07-23 21:05:41,446 [ERROR] LogOutputStream:74 - [STDERR_REDIRECT] [Fatal Error] :1:1: Premature end of file.
2026-07-23 21:05:41,446 [ERROR] LogOutputStream:74 - [STDERR_REDIRECT] 
2026-07-23 21:05:42,429 [ERROR] LogOutputStream:74 - [STDERR_REDIRECT] [Fatal Error] :1:1: Premature end of file.
2026-07-23 21:05:42,430 [ERROR] LogOutputStream:74 - [STDERR_REDIRECT] 
2026-07-23 21:05:43,433 [ERROR] LogOutputStream:74 - [STDERR_REDIRECT] [Fatal Error] :1:1: Premature end of file.
2026-07-23 21:05:43,433 [ERROR] LogOutputStream:74 - [STDERR_REDIRECT] 
2026-07-23 21:05:44,429 [ERROR] LogOutputStream:74 - [STDERR_REDIRECT] [Fatal Error] :1:1: Premature end of file.
2026-07-23 21:05:44,429 [ERROR] LogOutputStream:74 - [STDERR_REDIRECT] 
2026-07-23 21:05:45,442 [ERROR] LogOutputStream:74 - [STDERR_REDIRECT] [Fatal Error] :1:1: Premature end of file.
2026-07-23 21:05:45,443 [ERROR] LogOutputStream:74 - [STDERR_REDIRECT] 
2026-07-23 21:05:46,429 [ERROR] LogOutputStream:74 - [STDERR_REDIRECT] [Fatal Error] :1:1: Premature end of file.
2026-07-23 21:05:46,429 [ERROR] LogOutputStream:74 - [STDERR_REDIRECT] 
2026-07-23 21:05:47,431 [ERROR] LogOutputStream:74 - [STDERR_REDIRECT] [Fatal Error] :1:1: Premature end of file.
2026-07-23 21:05:47,431 [ERROR] LogOutputStream:74 - [STDERR_REDIRECT] 
2026-07-23 21:05:48,433 [ERROR] LogOutputStream:74 - [STDERR_REDIRECT] [Fatal Error] :1:1: Premature end of file.
2026-07-23 21:05:48,433 [ERROR] LogOutputStream:74 - [STDERR_REDIRECT] 
2026-07-23 21:05:49,429 [ERROR] LogOutputStream:74 - [STDERR_REDIRECT] [Fatal Error] :1:1: Premature end of file.
2026-07-23 21:05:49,431 [ERROR] LogOutputStream:74 - [STDERR_REDIRECT] 
2026-07-23 21:05:50,439 [ERROR] LogOutputStream:74 - [STDERR_REDIRECT] [Fatal Error] :1:1: Premature end of file.
2026-07-23 21:05:50,440 [ERROR] LogOutputStream:74 - [STDERR_REDIRECT] 
2026-07-23 21:05:51,430 [ERROR] LogOutputStream:74 - [STDERR_REDIRECT] [Fatal Error] :1:1: Premature end of file.
2026-07-23 21:05:51,430 [ERROR] LogOutputStream:74 - [STDERR_REDIRECT] 
2026-07-23 21:05:52,442 [ERROR] LogOutputStream:74 - [STDERR_REDIRECT] [Fatal Error] :1:1: Premature end of file.
2026-07-23 21:05:52,442 [ERROR] LogOutputStream:74 - [STDERR_REDIRECT] 
2026-07-23 21:05:53,430 [ERROR] LogOutputStream:74 - [STDERR_REDIRECT] [Fatal Error] :1:1: Premature end of file.
2026-07-23 21:05:53,430 [ERROR] LogOutputStream:74 - [STDERR_REDIRECT] 
2026-07-23 21:05:54,429 [ERROR] LogOutputStream:74 - [STDERR_REDIRECT] [Fatal Error] :1:1: Premature end of file.
2026-07-23 21:05:54,429 [ERROR] LogOutputStream:74 - [STDERR_REDIRECT] 
2026-07-23 21:05:55,438 [ERROR] LogOutputStream:74 - [STDERR_REDIRECT] [Fatal Error] :1:1: Premature end of file.
2026-07-23 21:05:55,438 [ERROR] LogOutputStream:74 - [STDERR_REDIRECT] 
2026-07-23 21:05:56,439 [ERROR] LogOutputStream:74 - [STDERR_REDIRECT] [Fatal Error] :1:1: Premature end of file.
2026-07-23 21:05:56,439 [ERROR] LogOutputStream:74 - [STDERR_REDIRECT] 
2026-07-23 21:05:57,440 [ERROR] LogOutputStream:74 - [STDERR_REDIRECT] [Fatal Error] :1:1: Premature end of file.
2026-07-23 21:05:57,440 [ERROR] LogOutputStream:74 - [STDERR_REDIRECT] 
2026-07-23 21:05:58,431 [ERROR] LogOutputStream:74 - [STDERR_REDIRECT] [Fatal Error] :1:1: Premature end of file.
2026-07-23 21:05:58,432 [ERROR] LogOutputStream:74 - [STDERR_REDIRECT] 
2026-07-23 21:05:59,429 [ERROR] LogOutputStream:74 - [STDERR_REDIRECT] [Fatal Error] :1:1: Premature end of file.
2026-07-23 21:05:59,429 [ERROR] LogOutputStream:74 - [STDERR_REDIRECT] 
2026-07-23 21:06:00,439 [ERROR] LogOutputStream:74 - [STDERR_REDIRECT] [Fatal Error] :1:1: Premature end of file.
2026-07-23 21:06:00,439 [ERROR] LogOutputStream:74 - [STDERR_REDIRECT] 
2026-07-23 21:06:01,428 [ERROR] LogOutputStream:74 - [STDERR_REDIRECT] [Fatal Error] :1:1: Premature end of file.
2026-07-23 21:06:01,428 [ERROR] LogOutputStream:74 - [STDERR_REDIRECT] 
2026-07-23 21:06:02,433 [ERROR] LogOutputStream:74 - [STDERR_REDIRECT] [Fatal Error] :1:1: Premature end of file.
2026-07-23 21:06:02,433 [ERROR] LogOutputStream:74 - [STDERR_REDIRECT] 
2026-07-23 21:06:03,432 [ERROR] LogOutputStream:74 - [STDERR_REDIRECT] [Fatal Error] :1:1: Premature end of file.
2026-07-23 21:06:03,432 [ERROR] LogOutputStream:74 - [STDERR_REDIRECT] 
2026-07-23 21:06:04,426 [ERROR] LogOutputStream:74 - [STDERR_REDIRECT] [Fatal Error] :1:1: Premature end of file.
2026-07-23 21:06:04,426 [ERROR] LogOutputStream:74 - [STDERR_REDIRECT] 
2026-07-23 21:06:05,431 [ERROR] LogOutputStream:74 - [STDERR_REDIRECT] [Fatal Error] :1:1: Premature end of file.
2026-07-23 21:06:05,431 [ERROR] LogOutputStream:74 - [STDERR_REDIRECT] 
2026-07-23 21:06:06,428 [ERROR] LogOutputStream:74 - [STDERR_REDIRECT] [Fatal Error] :1:1: Premature end of file.
2026-07-23 21:06:06,429 [ERROR] LogOutputStream:74 - [STDERR_REDIRECT] 
2026-07-23 21:06:07,440 [ERROR] LogOutputStream:74 - [STDERR_REDIRECT] [Fatal Error] :1:1: Premature end of file.
2026-07-23 21:06:07,440 [ERROR] LogOutputStream:74 - [STDERR_REDIRECT] 
2026-07-23 21:06:08,436 [ERROR] LogOutputStream:74 - [STDERR_REDIRECT] [Fatal Error] :1:1: Premature end of file.
2026-07-23 21:06:08,436 [ERROR] LogOutputStream:74 - [STDERR_REDIRECT] 
2026-07-23 21:06:09,435 [ERROR] LogOutputStream:74 - [STDERR_REDIRECT] [Fatal Error] :1:1: Premature end of file.
2026-07-23 21:06:09,435 [ERROR] LogOutputStream:74 - [STDERR_REDIRECT] 
2026-07-23 21:06:10,442 [ERROR] LogOutputStream:74 - [STDERR_REDIRECT] [Fatal Error] :1:1: Premature end of file.
2026-07-23 21:06:10,442 [ERROR] LogOutputStream:74 - [STDERR_REDIRECT] 
2026-07-23 21:06:11,446 [ERROR] LogOutputStream:74 - [STDERR_REDIRECT] [Fatal Error] :1:1: Premature end of file.
2026-07-23 21:06:11,447 [ERROR] LogOutputStream:74 - [STDERR_REDIRECT] 
2026-07-23 21:06:12,434 [ERROR] LogOutputStream:74 - [STDERR_REDIRECT] [Fatal Error] :1:1: Premature end of file.
2026-07-23 21:06:12,434 [ERROR] LogOutputStream:74 - [STDERR_REDIRECT] 
2026-07-23 21:06:13,436 [ERROR] LogOutputStream:74 - [STDERR_REDIRECT] [Fatal Error] :1:1: Premature end of file.
2026-07-23 21:06:13,437 [ERROR] LogOutputStream:74 - [STDERR_REDIRECT] 
2026-07-23 21:06:14,439 [ERROR] LogOutputStream:74 - [STDERR_REDIRECT] [Fatal Error] :1:1: Premature end of file.
2026-07-23 21:06:14,439 [ERROR] LogOutputStream:74 - [STDERR_REDIRECT] 
2026-07-23 21:06:15,436 [ERROR] LogOutputStream:74 - [STDERR_REDIRECT] [Fatal Error] :1:1: Premature end of file.
2026-07-23 21:06:15,436 [ERROR] LogOutputStream:74 - [STDERR_REDIRECT] 
2026-07-23 21:06:16,441 [ERROR] LogOutputStream:74 - [STDERR_REDIRECT] [Fatal Error] :1:1: Premature end of file.
2026-07-23 21:06:16,442 [ERROR] LogOutputStream:74 - [STDERR_REDIRECT] 
2026-07-23 21:06:17,441 [ERROR] LogOutputStream:74 - [STDERR_REDIRECT] [Fatal Error] :1:1: Premature end of file.
2026-07-23 21:06:17,441 [ERROR] LogOutputStream:74 - [STDERR_REDIRECT] 
2026-07-23 21:06:18,445 [ERROR] LogOutputStream:74 - [STDERR_REDIRECT] [Fatal Error] :1:1: Premature end of file.
2026-07-23 21:06:18,445 [ERROR] LogOutputStream:74 - [STDERR_REDIRECT] 
2026-07-23 21:06:19,435 [ERROR] LogOutputStream:74 - [STDERR_REDIRECT] [Fatal Error] :1:1: Premature end of file.
2026-07-23 21:06:19,435 [ERROR] LogOutputStream:74 - [STDERR_REDIRECT] 
2026-07-23 21:06:20,437 [ERROR] LogOutputStream:74 - [STDERR_REDIRECT] [Fatal Error] :1:1: Premature end of file.
2026-07-23 21:06:20,437 [ERROR] LogOutputStream:74 - [STDERR_REDIRECT] 
2026-07-23 21:06:21,431 [ERROR] LogOutputStream:74 - [STDERR_REDIRECT] [Fatal Error] :1:1: Premature end of file.
2026-07-23 21:06:21,431 [ERROR] LogOutputStream:74 - [STDERR_REDIRECT] 
2026-07-23 21:06:22,432 [ERROR] LogOutputStream:74 - [STDERR_REDIRECT] [Fatal Error] :1:1: Premature end of file.
2026-07-23 21:06:22,432 [ERROR] LogOutputStream:74 - [STDERR_REDIRECT] 
2026-07-23 21:06:23,443 [ERROR] LogOutputStream:74 - [STDERR_REDIRECT] [Fatal Error] :1:1: Premature end of file.
2026-07-23 21:06:23,443 [ERROR] LogOutputStream:74 - [STDERR_REDIRECT] 
2026-07-23 21:06:24,441 [ERROR] LogOutputStream:74 - [STDERR_REDIRECT] [Fatal Error] :1:1: Premature end of file.
2026-07-23 21:06:24,441 [ERROR] LogOutputStream:74 - [STDERR_REDIRECT] 
2026-07-23 21:06:25,442 [ERROR] LogOutputStream:74 - [STDERR_REDIRECT] [Fatal Error] :1:1: Premature end of file.
2026-07-23 21:06:25,442 [ERROR] LogOutputStream:74 - [STDERR_REDIRECT] 
2026-07-23 21:06:26,429 [ERROR] LogOutputStream:74 - [STDERR_REDIRECT] [Fatal Error] :1:1: Premature end of file.
2026-07-23 21:06:26,429 [ERROR] LogOutputStream:74 - [STDERR_REDIRECT] 
2026-07-23 21:06:27,440 [ERROR] LogOutputStream:74 - [STDERR_REDIRECT] [Fatal Error] :1:1: Premature end of file.
2026-07-23 21:06:27,441 [ERROR] LogOutputStream:74 - [STDERR_REDIRECT] 
2026-07-23 21:06:28,441 [ERROR] LogOutputStream:74 - [STDERR_REDIRECT] [Fatal Error] :1:1: Premature end of file.
2026-07-23 21:06:28,442 [ERROR] LogOutputStream:74 - [STDERR_REDIRECT] 
2026-07-23 21:06:29,436 [ERROR] LogOutputStream:74 - [STDERR_REDIRECT] [Fatal Error] :1:1: Premature end of file.
2026-07-23 21:06:29,436 [ERROR] LogOutputStream:74 - [STDERR_REDIRECT] 
2026-07-23 21:06:30,437 [ERROR] LogOutputStream:74 - [STDERR_REDIRECT] [Fatal Error] :1:1: Premature end of file.
2026-07-23 21:06:30,438 [ERROR] LogOutputStream:74 - [STDERR_REDIRECT] 
2026-07-23 21:06:31,436 [ERROR] LogOutputStream:74 - [STDERR_REDIRECT] [Fatal Error] :1:1: Premature end of file.
2026-07-23 21:06:31,436 [ERROR] LogOutputStream:74 - [STDERR_REDIRECT] 
2026-07-23 21:06:32,430 [ERROR] LogOutputStream:74 - [STDERR_REDIRECT] [Fatal Error] :1:1: Premature end of file.
2026-07-23 21:06:32,430 [ERROR] LogOutputStream:74 - [STDERR_REDIRECT] 
2026-07-23 21:06:33,442 [ERROR] LogOutputStream:74 - [STDERR_REDIRECT] [Fatal Error] :1:1: Premature end of file.
2026-07-23 21:06:33,442 [ERROR] LogOutputStream:74 - [STDERR_REDIRECT] 
2026-07-23 21:06:34,430 [ERROR] LogOutputStream:74 - [STDERR_REDIRECT] [Fatal Error] :1:1: Premature end of file.
2026-07-23 21:06:34,431 [ERROR] LogOutputStream:74 - [STDERR_REDIRECT] 
2026-07-23 21:06:35,453 [ERROR] LogOutputStream:74 - [STDERR_REDIRECT] [Fatal Error] :1:1: Premature end of file.
2026-07-23 21:06:35,453 [ERROR] LogOutputStream:74 - [STDERR_REDIRECT] 
2026-07-23 21:06:36,430 [ERROR] LogOutputStream:74 - [STDERR_REDIRECT] [Fatal Error] :1:1: Premature end of file.
2026-07-23 21:06:36,430 [ERROR] LogOutputStream:74 - [STDERR_REDIRECT] 
2026-07-23 21:06:37,454 [ERROR] LogOutputStream:74 - [STDERR_REDIRECT] [Fatal Error] :1:1: Premature end of file.
2026-07-23 21:06:37,455 [ERROR] LogOutputStream:74 - [STDERR_REDIRECT] 
2026-07-23 21:06:38,435 [ERROR] LogOutputStream:74 - [STDERR_REDIRECT] [Fatal Error] :1:1: Premature end of file.
2026-07-23 21:06:38,435 [ERROR] LogOutputStream:74 - [STDERR_REDIRECT] 
2026-07-23 21:06:39,435 [ERROR] LogOutputStream:74 - [STDERR_REDIRECT] [Fatal Error] :1:1: Premature end of file.
2026-07-23 21:06:39,435 [ERROR] LogOutputStream:74 - [STDERR_REDIRECT] 
2026-07-23 21:06:40,440 [ERROR] LogOutputStream:74 - [STDERR_REDIRECT] [Fatal Error] :1:1: Premature end of file.
2026-07-23 21:06:40,440 [ERROR] LogOutputStream:74 - [STDERR_REDIRECT] 
2026-07-23 21:06:41,437 [ERROR] LogOutputStream:74 - [STDERR_REDIRECT] [Fatal Error] :1:1: Premature end of file.
2026-07-23 21:06:41,437 [ERROR] LogOutputStream:74 - [STDERR_REDIRECT] 
2026-07-23 21:06:42,428 [ERROR] LogOutputStream:74 - [STDERR_REDIRECT] [Fatal Error] :1:1: Premature end of file.
2026-07-23 21:06:42,428 [ERROR] LogOutputStream:74 - [STDERR_REDIRECT] 
2026-07-23 21:06:43,428 [ERROR] LogOutputStream:74 - [STDERR_REDIRECT] [Fatal Error] :1:1: Premature end of file.
2026-07-23 21:06:43,429 [ERROR] LogOutputStream:74 - [STDERR_REDIRECT] 
2026-07-23 21:06:44,429 [ERROR] LogOutputStream:74 - [STDERR_REDIRECT] [Fatal Error] :1:1: Premature end of file.
2026-07-23 21:06:44,429 [ERROR] LogOutputStream:74 - [STDERR_REDIRECT] 
2026-07-23 21:06:45,452 [ERROR] LogOutputStream:74 - [STDERR_REDIRECT] [Fatal Error] :1:1: Premature end of file.
2026-07-23 21:06:45,452 [ERROR] LogOutputStream:74 - [STDERR_REDIRECT] 
2026-07-23 21:06:46,438 [ERROR] LogOutputStream:74 - [STDERR_REDIRECT] [Fatal Error] :1:1: Premature end of file.
2026-07-23 21:06:46,438 [ERROR] LogOutputStream:74 - [STDERR_REDIRECT] 
2026-07-23 21:06:47,443 [ERROR] LogOutputStream:74 - [STDERR_REDIRECT] [Fatal Error] :1:1: Premature end of file.
2026-07-23 21:06:47,443 [ERROR] LogOutputStream:74 - [STDERR_REDIRECT] 
2026-07-23 21:06:48,432 [ERROR] LogOutputStream:74 - [STDERR_REDIRECT] [Fatal Error] :1:1: Premature end of file.
2026-07-23 21:06:48,432 [ERROR] LogOutputStream:74 - [STDERR_REDIRECT] 
2026-07-23 21:06:49,429 [ERROR] LogOutputStream:74 - [STDERR_REDIRECT] [Fatal Error] :1:1: Premature end of file.
2026-07-23 21:06:49,429 [ERROR] LogOutputStream:74 - [STDERR_REDIRECT] 
2026-07-23 21:06:50,431 [ERROR] LogOutputStream:74 - [STDERR_REDIRECT] [Fatal Error] :1:1: Premature end of file.
2026-07-23 21:06:50,431 [ERROR] LogOutputStream:74 - [STDERR_REDIRECT] 
2026-07-23 21:06:51,442 [ERROR] LogOutputStream:74 - [STDERR_REDIRECT] [Fatal Error] :1:1: Premature end of file.
2026-07-23 21:06:51,442 [ERROR] LogOutputStream:74 - [STDERR_REDIRECT] 
2026-07-23 21:06:52,443 [ERROR] LogOutputStream:74 - [STDERR_REDIRECT] [Fatal Error] :1:1: Premature end of file.
2026-07-23 21:06:52,443 [ERROR] LogOutputStream:74 - [STDERR_REDIRECT] 
2026-07-23 21:06:53,442 [ERROR] LogOutputStream:74 - [STDERR_REDIRECT] [Fatal Error] :1:1: Premature end of file.
2026-07-23 21:06:53,442 [ERROR] LogOutputStream:74 - [STDERR_REDIRECT] 
2026-07-23 21:06:54,435 [ERROR] LogOutputStream:74 - [STDERR_REDIRECT] [Fatal Error] :1:1: Premature end of file.
2026-07-23 21:06:54,435 [ERROR] LogOutputStream:74 - [STDERR_REDIRECT] 
2026-07-23 21:06:55,439 [ERROR] LogOutputStream:74 - [STDERR_REDIRECT] [Fatal Error] :1:1: Premature end of file.
2026-07-23 21:06:55,439 [ERROR] LogOutputStream:74 - [STDERR_REDIRECT] 
2026-07-23 21:06:56,440 [ERROR] LogOutputStream:74 - [STDERR_REDIRECT] [Fatal Error] :1:1: Premature end of file.
2026-07-23 21:06:56,440 [ERROR] LogOutputStream:74 - [STDERR_REDIRECT] 
2026-07-23 21:06:57,439 [ERROR] LogOutputStream:74 - [STDERR_REDIRECT] [Fatal Error] :1:1: Premature end of file.
2026-07-23 21:06:57,440 [ERROR] LogOutputStream:74 - [STDERR_REDIRECT] 
2026-07-23 21:06:58,431 [ERROR] LogOutputStream:74 - [STDERR_REDIRECT] [Fatal Error] :1:1: Premature end of file.
2026-07-23 21:06:58,431 [ERROR] LogOutputStream:74 - [STDERR_REDIRECT] 
2026-07-23 21:06:59,434 [ERROR] LogOutputStream:74 - [STDERR_REDIRECT] [Fatal Error] :1:1: Premature end of file.
2026-07-23 21:06:59,434 [ERROR] LogOutputStream:74 - [STDERR_REDIRECT] 
2026-07-23 21:07:00,440 [ERROR] LogOutputStream:74 - [STDERR_REDIRECT] [Fatal Error] :1:1: Premature end of file.
2026-07-23 21:07:00,440 [ERROR] LogOutputStream:74 - [STDERR_REDIRECT] 
2026-07-23 21:07:01,441 [ERROR] LogOutputStream:74 - [STDERR_REDIRECT] [Fatal Error] :1:1: Premature end of file.
2026-07-23 21:07:01,441 [ERROR] LogOutputStream:74 - [STDERR_REDIRECT] 
2026-07-23 21:07:02,438 [ERROR] LogOutputStream:74 - [STDERR_REDIRECT] [Fatal Error] :1:1: Premature end of file.
2026-07-23 21:07:02,439 [ERROR] LogOutputStream:74 - [STDERR_REDIRECT] 
2026-07-23 21:07:03,432 [ERROR] LogOutputStream:74 - [STDERR_REDIRECT] [Fatal Error] :1:1: Premature end of file.
2026-07-23 21:07:03,432 [ERROR] LogOutputStream:74 - [STDERR_REDIRECT] 
2026-07-23 21:07:04,439 [ERROR] LogOutputStream:74 - [STDERR_REDIRECT] [Fatal Error] :1:1: Premature end of file.
2026-07-23 21:07:04,439 [ERROR] LogOutputStream:74 - [STDERR_REDIRECT] 
2026-07-23 21:07:05,433 [ERROR] LogOutputStream:74 - [STDERR_REDIRECT] [Fatal Error] :1:1: Premature end of file.
2026-07-23 21:07:05,433 [ERROR] LogOutputStream:74 - [STDERR_REDIRECT] 
2026-07-23 21:07:06,441 [ERROR] LogOutputStream:74 - [STDERR_REDIRECT] [Fatal Error] :1:1: Premature end of file.
2026-07-23 21:07:06,442 [ERROR] LogOutputStream:74 - [STDERR_REDIRECT] 
2026-07-23 21:07:07,432 [ERROR] LogOutputStream:74 - [STDERR_REDIRECT] [Fatal Error] :1:1: Premature end of file.
2026-07-23 21:07:07,433 [ERROR] LogOutputStream:74 - [STDERR_REDIRECT] 
2026-07-23 21:07:08,439 [ERROR] LogOutputStream:74 - [STDERR_REDIRECT] [Fatal Error] :1:1: Premature end of file.
2026-07-23 21:07:08,439 [ERROR] LogOutputStream:74 - [STDERR_REDIRECT] 
2026-07-23 21:07:09,439 [ERROR] LogOutputStream:74 - [STDERR_REDIRECT] [Fatal Error] :1:1: Premature end of file.
2026-07-23 21:07:09,439 [ERROR] LogOutputStream:74 - [STDERR_REDIRECT] 
2026-07-23 21:07:10,445 [ERROR] LogOutputStream:74 - [STDERR_REDIRECT] [Fatal Error] :1:1: Premature end of file.
2026-07-23 21:07:10,445 [ERROR] LogOutputStream:74 - [STDERR_REDIRECT] 
2026-07-23 21:07:11,428 [ERROR] LogOutputStream:74 - [STDERR_REDIRECT] [Fatal Error] :1:1: Premature end of file.
2026-07-23 21:07:11,428 [ERROR] LogOutputStream:74 - [STDERR_REDIRECT] 
2026-07-23 21:07:12,429 [ERROR] LogOutputStream:74 - [STDERR_REDIRECT] [Fatal Error] :1:1: Premature end of file.
2026-07-23 21:07:12,429 [ERROR] LogOutputStream:74 - [STDERR_REDIRECT] 
2026-07-23 21:07:13,442 [ERROR] LogOutputStream:74 - [STDERR_REDIRECT] [Fatal Error] :1:1: Premature end of file.
2026-07-23 21:07:13,443 [ERROR] LogOutputStream:74 - [STDERR_REDIRECT] 
2026-07-23 21:07:14,427 [ERROR] LogOutputStream:74 - [STDERR_REDIRECT] [Fatal Error] :1:1: Premature end of file.
2026-07-23 21:07:14,427 [ERROR] LogOutputStream:74 - [STDERR_REDIRECT] 
2026-07-23 21:07:15,438 [ERROR] LogOutputStream:74 - [STDERR_REDIRECT] [Fatal Error] :1:1: Premature end of file.
2026-07-23 21:07:15,439 [ERROR] LogOutputStream:74 - [STDERR_REDIRECT] 
2026-07-23 21:07:16,427 [ERROR] LogOutputStream:74 - [STDERR_REDIRECT] [Fatal Error] :1:1: Premature end of file.
2026-07-23 21:07:16,427 [ERROR] LogOutputStream:74 - [STDERR_REDIRECT] 
2026-07-23 21:07:17,450 [ERROR] LogOutputStream:74 - [STDERR_REDIRECT] [Fatal Error] :1:1: Premature end of file.
2026-07-23 21:07:17,451 [ERROR] LogOutputStream:74 - [STDERR_REDIRECT] 
2026-07-23 21:07:18,442 [ERROR] LogOutputStream:74 - [STDERR_REDIRECT] [Fatal Error] :1:1: Premature end of file.
2026-07-23 21:07:18,443 [ERROR] LogOutputStream:74 - [STDERR_REDIRECT] 
2026-07-23 21:07:19,434 [ERROR] LogOutputStream:74 - [STDERR_REDIRECT] [Fatal Error] :1:1: Premature end of file.
2026-07-23 21:07:19,435 [ERROR] LogOutputStream:74 - [STDERR_REDIRECT] 
2026-07-23 21:07:20,458 [ERROR] LogOutputStream:74 - [STDERR_REDIRECT] [Fatal Error] :1:1: Premature end of file.
2026-07-23 21:07:20,458 [ERROR] LogOutputStream:74 - [STDERR_REDIRECT] 
2026-07-23 21:07:21,455 [ERROR] LogOutputStream:74 - [STDERR_REDIRECT] [Fatal Error] :1:1: Premature end of file.
2026-07-23 21:07:21,455 [ERROR] LogOutputStream:74 - [STDERR_REDIRECT] 
2026-07-23 21:07:22,437 [ERROR] LogOutputStream:74 - [STDERR_REDIRECT] [Fatal Error] :1:1: Premature end of file.
2026-07-23 21:07:22,437 [ERROR] LogOutputStream:74 - [STDERR_REDIRECT] 
2026-07-23 21:07:23,438 [ERROR] LogOutputStream:74 - [STDERR_REDIRECT] [Fatal Error] :1:1: Premature end of file.
2026-07-23 21:07:23,438 [ERROR] LogOutputStream:74 - [STDERR_REDIRECT] 
2026-07-23 21:07:24,454 [ERROR] LogOutputStream:74 - [STDERR_REDIRECT] [Fatal Error] :1:1: Premature end of file.
2026-07-23 21:07:24,455 [ERROR] LogOutputStream:74 - [STDERR_REDIRECT] 
2026-07-23 21:07:25,435 [ERROR] LogOutputStream:74 - [STDERR_REDIRECT] [Fatal Error] :1:1: Premature end of file.
2026-07-23 21:07:25,435 [ERROR] LogOutputStream:74 - [STDERR_REDIRECT] 
2026-07-23 21:07:26,432 [ERROR] LogOutputStream:74 - [STDERR_REDIRECT] [Fatal Error] :1:1: Premature end of file.
2026-07-23 21:07:26,432 [ERROR] LogOutputStream:74 - [STDERR_REDIRECT] 
2026-07-23 21:07:27,433 [ERROR] LogOutputStream:74 - [STDERR_REDIRECT] [Fatal Error] :1:1: Premature end of file.
2026-07-23 21:07:27,434 [ERROR] LogOutputStream:74 - [STDERR_REDIRECT] 
2026-07-23 21:07:28,429 [ERROR] LogOutputStream:74 - [STDERR_REDIRECT] [Fatal Error] :1:1: Premature end of file.
2026-07-23 21:07:28,429 [ERROR] LogOutputStream:74 - [STDERR_REDIRECT] 
2026-07-23 21:07:29,438 [ERROR] LogOutputStream:74 - [STDERR_REDIRECT] [Fatal Error] :1:1: Premature end of file.
2026-07-23 21:07:29,438 [ERROR] LogOutputStream:74 - [STDERR_REDIRECT] 
2026-07-23 21:07:30,437 [ERROR] LogOutputStream:74 - [STDERR_REDIRECT] [Fatal Error] :1:1: Premature end of file.
2026-07-23 21:07:30,437 [ERROR] LogOutputStream:74 - [STDERR_REDIRECT] 
2026-07-23 21:07:31,451 [ERROR] LogOutputStream:74 - [STDERR_REDIRECT] [Fatal Error] :1:1: Premature end of file.
2026-07-23 21:07:31,451 [ERROR] LogOutputStream:74 - [STDERR_REDIRECT] 
2026-07-23 21:07:32,434 [ERROR] LogOutputStream:74 - [STDERR_REDIRECT] [Fatal Error] :1:1: Premature end of file.
2026-07-23 21:07:32,434 [ERROR] LogOutputStream:74 - [STDERR_REDIRECT] 
2026-07-23 21:07:33,439 [ERROR] LogOutputStream:74 - [STDERR_REDIRECT] [Fatal Error] :1:1: Premature end of file.
2026-07-23 21:07:33,439 [ERROR] LogOutputStream:74 - [STDERR_REDIRECT] 
2026-07-23 21:07:34,434 [ERROR] LogOutputStream:74 - [STDERR_REDIRECT] [Fatal Error] :1:1: Premature end of file.
2026-07-23 21:07:34,434 [ERROR] LogOutputStream:74 - [STDERR_REDIRECT] 
2026-07-23 21:07:35,430 [ERROR] LogOutputStream:74 - [STDERR_REDIRECT] [Fatal Error] :1:1: Premature end of file.
2026-07-23 21:07:35,430 [ERROR] LogOutputStream:74 - [STDERR_REDIRECT] 
2026-07-23 21:07:36,444 [ERROR] LogOutputStream:74 - [STDERR_REDIRECT] [Fatal Error] :1:1: Premature end of file.
2026-07-23 21:07:36,445 [ERROR] LogOutputStream:74 - [STDERR_REDIRECT] 
2026-07-23 21:07:37,440 [ERROR] LogOutputStream:74 - [STDERR_REDIRECT] [Fatal Error] :1:1: Premature end of file.
2026-07-23 21:07:37,440 [ERROR] LogOutputStream:74 - [STDERR_REDIRECT] 
2026-07-23 21:07:38,436 [ERROR] LogOutputStream:74 - [STDERR_REDIRECT] [Fatal Error] :1:1: Premature end of file.
2026-07-23 21:07:38,436 [ERROR] LogOutputStream:74 - [STDERR_REDIRECT] 
2026-07-23 21:07:39,438 [ERROR] LogOutputStream:74 - [STDERR_REDIRECT] [Fatal Error] :1:1: Premature end of file.
2026-07-23 21:07:39,438 [ERROR] LogOutputStream:74 - [STDERR_REDIRECT] 
2026-07-23 21:07:40,438 [ERROR] LogOutputStream:74 - [STDERR_REDIRECT] [Fatal Error] :1:1: Premature end of file.
2026-07-23 21:07:40,438 [ERROR] LogOutputStream:74 - [STDERR_REDIRECT] 
2026-07-23 21:07:41,463 [ERROR] LogOutputStream:74 - [STDERR_REDIRECT] [Fatal Error] :1:1: Premature end of file.
2026-07-23 21:07:41,463 [ERROR] LogOutputStream:74 - [STDERR_REDIRECT] 
2026-07-23 21:07:42,431 [ERROR] LogOutputStream:74 - [STDERR_REDIRECT] [Fatal Error] :1:1: Premature end of file.
2026-07-23 21:07:42,431 [ERROR] LogOutputStream:74 - [STDERR_REDIRECT] 
2026-07-23 21:07:43,456 [ERROR] LogOutputStream:74 - [STDERR_REDIRECT] [Fatal Error] :1:1: Premature end of file.
2026-07-23 21:07:43,456 [ERROR] LogOutputStream:74 - [STDERR_REDIRECT] 
2026-07-23 21:08:07,891 [INFO] Activator:176 - 


2026-07-23 21:08:07,894 [INFO] Activator:177 - !SESSION log4j initialized
2026-07-23 21:08:11,213 [ERROR] LogOutputStream:74 - [STDERR_REDIRECT] [Fatal Error] :1:1: Premature end of file.
2026-07-23 21:08:11,216 [ERROR] LogOutputStream:74 - [STDERR_REDIRECT] 
2026-07-23 21:08:12,182 [ERROR] LogOutputStream:74 - [STDERR_REDIRECT] [Fatal Error] :1:1: Premature end of file.
2026-07-23 21:08:12,183 [ERROR] LogOutputStream:74 - [STDERR_REDIRECT] 
2026-07-23 21:08:13,151 [ERROR] LogOutputStream:74 - [STDERR_REDIRECT] [Fatal Error] :1:1: Premature end of file.
2026-07-23 21:08:13,151 [ERROR] LogOutputStream:74 - [STDERR_REDIRECT] 
2026-07-23 21:08:14,163 [ERROR] LogOutputStream:74 - [STDERR_REDIRECT] [Fatal Error] :1:1: Premature end of file.
2026-07-23 21:08:14,163 [ERROR] LogOutputStream:74 - [STDERR_REDIRECT] 
2026-07-23 21:08:15,147 [ERROR] LogOutputStream:74 - [STDERR_REDIRECT] [Fatal Error] :1:1: Premature end of file.
2026-07-23 21:08:15,147 [ERROR] LogOutputStream:74 - [STDERR_REDIRECT] 
2026-07-23 21:08:16,147 [ERROR] LogOutputStream:74 - [STDERR_REDIRECT] [Fatal Error] :1:1: Premature end of file.
2026-07-23 21:08:16,148 [ERROR] LogOutputStream:74 - [STDERR_REDIRECT] 
2026-07-23 21:08:17,151 [ERROR] LogOutputStream:74 - [STDERR_REDIRECT] [Fatal Error] :1:1: Premature end of file.
2026-07-23 21:08:17,151 [ERROR] LogOutputStream:74 - [STDERR_REDIRECT] 
2026-07-23 21:08:18,144 [ERROR] LogOutputStream:74 - [STDERR_REDIRECT] [Fatal Error] :1:1: Premature end of file.
2026-07-23 21:08:18,144 [ERROR] LogOutputStream:74 - [STDERR_REDIRECT] 
2026-07-23 21:08:19,161 [ERROR] LogOutputStream:74 - [STDERR_REDIRECT] [Fatal Error] :1:1: Premature end of file.
2026-07-23 21:08:19,161 [ERROR] LogOutputStream:74 - [STDERR_REDIRECT] 
2026-07-23 21:08:20,145 [ERROR] LogOutputStream:74 - [STDERR_REDIRECT] [Fatal Error] :1:1: Premature end of file.
2026-07-23 21:08:20,145 [ERROR] LogOutputStream:74 - [STDERR_REDIRECT] 
2026-07-23 21:08:21,142 [ERROR] LogOutputStream:74 - [STDERR_REDIRECT] [Fatal Error] :1:1: Premature end of file.
2026-07-23 21:08:21,142 [ERROR] LogOutputStream:74 - [STDERR_REDIRECT] 
2026-07-23 21:08:22,144 [ERROR] LogOutputStream:74 - [STDERR_REDIRECT] [Fatal Error] :1:1: Premature end of file.
2026-07-23 21:08:22,144 [ERROR] LogOutputStream:74 - [STDERR_REDIRECT] 
2026-07-23 21:08:23,149 [ERROR] LogOutputStream:74 - [STDERR_REDIRECT] [Fatal Error] :1:1: Premature end of file.
2026-07-23 21:08:23,158 [ERROR] LogOutputStream:74 - [STDERR_REDIRECT] 
2026-07-23 21:08:24,138 [ERROR] LogOutputStream:74 - [STDERR_REDIRECT] [Fatal Error] :1:1: Premature end of file.
2026-07-23 21:08:24,138 [ERROR] LogOutputStream:74 - [STDERR_REDIRECT] 
2026-07-23 21:08:25,148 [ERROR] LogOutputStream:74 - [STDERR_REDIRECT] [Fatal Error] :1:1: Premature end of file.
2026-07-23 21:08:25,148 [ERROR] LogOutputStream:74 - [STDERR_REDIRECT] 
2026-07-23 21:08:26,144 [ERROR] LogOutputStream:74 - [STDERR_REDIRECT] [Fatal Error] :1:1: Premature end of file.
2026-07-23 21:08:26,144 [ERROR] LogOutputStream:74 - [STDERR_REDIRECT] 
2026-07-23 21:08:27,141 [ERROR] LogOutputStream:74 - [STDERR_REDIRECT] [Fatal Error] :1:1: Premature end of file.
2026-07-23 21:08:27,141 [ERROR] LogOutputStream:74 - [STDERR_REDIRECT] 
2026-07-23 21:08:28,166 [ERROR] LogOutputStream:74 - [STDERR_REDIRECT] [Fatal Error] :1:1: Premature end of file.
2026-07-23 21:08:28,166 [ERROR] LogOutputStream:74 - [STDERR_REDIRECT] 
2026-07-23 21:08:29,152 [ERROR] LogOutputStream:74 - [STDERR_REDIRECT] [Fatal Error] :1:1: Premature end of file.
2026-07-23 21:08:29,153 [ERROR] LogOutputStream:74 - [STDERR_REDIRECT] 
2026-07-23 21:08:30,148 [ERROR] LogOutputStream:74 - [STDERR_REDIRECT] [Fatal Error] :1:1: Premature end of file.
2026-07-23 21:08:30,148 [ERROR] LogOutputStream:74 - [STDERR_REDIRECT] 
2026-07-23 21:08:31,144 [ERROR] LogOutputStream:74 - [STDERR_REDIRECT] [Fatal Error] :1:1: Premature end of file.
2026-07-23 21:08:31,144 [ERROR] LogOutputStream:74 - [STDERR_REDIRECT] 
2026-07-23 21:08:32,145 [ERROR] LogOutputStream:74 - [STDERR_REDIRECT] [Fatal Error] :1:1: Premature end of file.
2026-07-23 21:08:32,146 [ERROR] LogOutputStream:74 - [STDERR_REDIRECT] 
2026-07-23 21:08:33,143 [ERROR] LogOutputStream:74 - [STDERR_REDIRECT] [Fatal Error] :1:1: Premature end of file.
2026-07-23 21:08:33,143 [ERROR] LogOutputStream:74 - [STDERR_REDIRECT] 
2026-07-23 21:08:34,143 [ERROR] LogOutputStream:74 - [STDERR_REDIRECT] [Fatal Error] :1:1: Premature end of file.
2026-07-23 21:08:34,144 [ERROR] LogOutputStream:74 - [STDERR_REDIRECT] 
2026-07-23 21:08:35,162 [ERROR] LogOutputStream:74 - [STDERR_REDIRECT] [Fatal Error] :1:1: Premature end of file.
2026-07-23 21:08:35,163 [ERROR] LogOutputStream:74 - [STDERR_REDIRECT] 
2026-07-23 21:08:36,149 [ERROR] LogOutputStream:74 - [STDERR_REDIRECT] [Fatal Error] :1:1: Premature end of file.
2026-07-23 21:08:36,150 [ERROR] LogOutputStream:74 - [STDERR_REDIRECT] 
2026-07-23 21:08:37,154 [ERROR] LogOutputStream:74 - [STDERR_REDIRECT] [Fatal Error] :1:1: Premature end of file.
2026-07-23 21:08:37,154 [ERROR] LogOutputStream:74 - [STDERR_REDIRECT] 
2026-07-23 21:08:38,144 [ERROR] LogOutputStream:74 - [STDERR_REDIRECT] [Fatal Error] :1:1: Premature end of file.
2026-07-23 21:08:38,144 [ERROR] LogOutputStream:74 - [STDERR_REDIRECT] 
2026-07-23 21:08:39,148 [ERROR] LogOutputStream:74 - [STDERR_REDIRECT] [Fatal Error] :1:1: Premature end of file.
2026-07-23 21:08:39,148 [ERROR] LogOutputStream:74 - [STDERR_REDIRECT] 
2026-07-23 21:08:40,153 [ERROR] LogOutputStream:74 - [STDERR_REDIRECT] [Fatal Error] :1:1: Premature end of file.
2026-07-23 21:08:40,153 [ERROR] LogOutputStream:74 - [STDERR_REDIRECT] 
2026-07-23 21:08:41,143 [ERROR] LogOutputStream:74 - [STDERR_REDIRECT] [Fatal Error] :1:1: Premature end of file.
2026-07-23 21:08:41,144 [ERROR] LogOutputStream:74 - [STDERR_REDIRECT] 
2026-07-23 21:08:42,150 [ERROR] LogOutputStream:74 - [STDERR_REDIRECT] [Fatal Error] :1:1: Premature end of file.
2026-07-23 21:08:42,151 [ERROR] LogOutputStream:74 - [STDERR_REDIRECT] 
2026-07-23 21:08:43,169 [ERROR] LogOutputStream:74 - [STDERR_REDIRECT] [Fatal Error] :1:1: Premature end of file.
2026-07-23 21:08:43,169 [ERROR] LogOutputStream:74 - [STDERR_REDIRECT] 
2026-07-23 21:08:44,143 [ERROR] LogOutputStream:74 - [STDERR_REDIRECT] [Fatal Error] :1:1: Premature end of file.
2026-07-23 21:08:44,143 [ERROR] LogOutputStream:74 - [STDERR_REDIRECT] 
2026-07-23 21:08:45,153 [ERROR] LogOutputStream:74 - [STDERR_REDIRECT] [Fatal Error] :1:1: Premature end of file.
2026-07-23 21:08:45,153 [ERROR] LogOutputStream:74 - [STDERR_REDIRECT] 
2026-07-23 21:08:46,151 [ERROR] LogOutputStream:74 - [STDERR_REDIRECT] [Fatal Error] :1:1: Premature end of file.
2026-07-23 21:08:46,151 [ERROR] LogOutputStream:74 - [STDERR_REDIRECT] 
2026-07-23 21:08:47,154 [ERROR] LogOutputStream:74 - [STDERR_REDIRECT] [Fatal Error] :1:1: Premature end of file.
2026-07-23 21:08:47,154 [ERROR] LogOutputStream:74 - [STDERR_REDIRECT] 
2026-07-23 21:08:48,163 [ERROR] LogOutputStream:74 - [STDERR_REDIRECT] [Fatal Error] :1:1: Premature end of file.
2026-07-23 21:08:48,164 [ERROR] LogOutputStream:74 - [STDERR_REDIRECT] 
2026-07-23 21:08:49,141 [ERROR] LogOutputStream:74 - [STDERR_REDIRECT] [Fatal Error] :1:1: Premature end of file.
2026-07-23 21:08:49,141 [ERROR] LogOutputStream:74 - [STDERR_REDIRECT] 
2026-07-23 21:08:50,162 [ERROR] LogOutputStream:74 - [STDERR_REDIRECT] [Fatal Error] :1:1: Premature end of file.
2026-07-23 21:08:50,164 [ERROR] LogOutputStream:74 - [STDERR_REDIRECT] 
2026-07-23 21:08:51,151 [ERROR] LogOutputStream:74 - [STDERR_REDIRECT] [Fatal Error] :1:1: Premature end of file.
2026-07-23 21:08:51,151 [ERROR] LogOutputStream:74 - [STDERR_REDIRECT] 
2026-07-23 21:08:52,162 [ERROR] LogOutputStream:74 - [STDERR_REDIRECT] [Fatal Error] :1:1: Premature end of file.
2026-07-23 21:08:52,163 [ERROR] LogOutputStream:74 - [STDERR_REDIRECT] 
2026-07-23 21:08:53,155 [ERROR] LogOutputStream:74 - [STDERR_REDIRECT] [Fatal Error] :1:1: Premature end of file.
2026-07-23 21:08:53,155 [ERROR] LogOutputStream:74 - [STDERR_REDIRECT] 
2026-07-23 21:08:54,149 [ERROR] LogOutputStream:74 - [STDERR_REDIRECT] [Fatal Error] :1:1: Premature end of file.
2026-07-23 21:08:54,149 [ERROR] LogOutputStream:74 - [STDERR_REDIRECT] 
2026-07-23 21:08:55,142 [ERROR] LogOutputStream:74 - [STDERR_REDIRECT] [Fatal Error] :1:1: Premature end of file.
2026-07-23 21:08:55,142 [ERROR] LogOutputStream:74 - [STDERR_REDIRECT] 
2026-07-23 21:08:56,150 [ERROR] LogOutputStream:74 - [STDERR_REDIRECT] [Fatal Error] :1:1: Premature end of file.
2026-07-23 21:08:56,150 [ERROR] LogOutputStream:74 - [STDERR_REDIRECT] 
2026-07-23 21:08:57,195 [ERROR] LogOutputStream:74 - [STDERR_REDIRECT] [Fatal Error] :1:1: Premature end of file.
2026-07-23 21:08:57,195 [ERROR] LogOutputStream:74 - [STDERR_REDIRECT] 
2026-07-23 21:08:58,152 [ERROR] LogOutputStream:74 - [STDERR_REDIRECT] [Fatal Error] :1:1: Premature end of file.
2026-07-23 21:08:58,152 [ERROR] LogOutputStream:74 - [STDERR_REDIRECT] 
2026-07-23 21:08:59,149 [ERROR] LogOutputStream:74 - [STDERR_REDIRECT] [Fatal Error] :1:1: Premature end of file.
2026-07-23 21:08:59,149 [ERROR] LogOutputStream:74 - [STDERR_REDIRECT] 
2026-07-23 21:09:00,139 [ERROR] LogOutputStream:74 - [STDERR_REDIRECT] [Fatal Error] :1:1: Premature end of file.
2026-07-23 21:09:00,139 [ERROR] LogOutputStream:74 - [STDERR_REDIRECT] 
2026-07-23 21:09:01,159 [ERROR] LogOutputStream:74 - [STDERR_REDIRECT] [Fatal Error] :1:1: Premature end of file.
2026-07-23 21:09:01,160 [ERROR] LogOutputStream:74 - [STDERR_REDIRECT] 
2026-07-23 21:09:02,147 [ERROR] LogOutputStream:74 - [STDERR_REDIRECT] [Fatal Error] :1:1: Premature end of file.
2026-07-23 21:09:02,147 [ERROR] LogOutputStream:74 - [STDERR_REDIRECT] 
2026-07-23 21:09:03,160 [ERROR] LogOutputStream:74 - [STDERR_REDIRECT] [Fatal Error] :1:1: Premature end of file.
2026-07-23 21:09:03,160 [ERROR] LogOutputStream:74 - [STDERR_REDIRECT] 
2026-07-23 21:09:04,156 [ERROR] LogOutputStream:74 - [STDERR_REDIRECT] [Fatal Error] :1:1: Premature end of file.
2026-07-23 21:09:04,156 [ERROR] LogOutputStream:74 - [STDERR_REDIRECT] 
2026-07-23 21:09:05,153 [ERROR] LogOutputStream:74 - [STDERR_REDIRECT] [Fatal Error] :1:1: Premature end of file.
2026-07-23 21:09:05,153 [ERROR] LogOutputStream:74 - [STDERR_REDIRECT] 
2026-07-23 21:09:06,153 [ERROR] LogOutputStream:74 - [STDERR_REDIRECT] [Fatal Error] :1:1: Premature end of file.
2026-07-23 21:09:06,153 [ERROR] LogOutputStream:74 - [STDERR_REDIRECT] 
2026-07-23 21:09:07,156 [ERROR] LogOutputStream:74 - [STDERR_REDIRECT] [Fatal Error] :1:1: Premature end of file.
2026-07-23 21:09:07,156 [ERROR] LogOutputStream:74 - [STDERR_REDIRECT] 
2026-07-23 21:09:08,155 [ERROR] LogOutputStream:74 - [STDERR_REDIRECT] [Fatal Error] :1:1: Premature end of file.
2026-07-23 21:09:08,155 [ERROR] LogOutputStream:74 - [STDERR_REDIRECT] 
2026-07-23 21:09:09,150 [ERROR] LogOutputStream:74 - [STDERR_REDIRECT] [Fatal Error] :1:1: Premature end of file.
2026-07-23 21:09:09,150 [ERROR] LogOutputStream:74 - [STDERR_REDIRECT] 
2026-07-23 21:09:10,185 [ERROR] LogOutputStream:74 - [STDERR_REDIRECT] [Fatal Error] :1:1: Premature end of file.
2026-07-23 21:09:10,185 [ERROR] LogOutputStream:74 - [STDERR_REDIRECT] 
